Official tag,05/11/2019,06/11/2019,11/04/2020,15/04/2020,26/05/2020,30/05/2020,06/07/2020,23/07/2020,30/07/2020,06/08/2020,24/08/2020,08/09/2020,08/10/2020,09/10/2020,29/10/2020,03/11/2020,21/01/2021,22/01/2021,13/04/2021,20/04/2021,21/04/2021,26/04/2021,27/04/2021,06/05/2021,14/05/2021,02/06/2021,03/06/2021,07/06/2021,18/06/2021,21/06/2021,01/07/2021,22/07/2021,09/08/2021,19/08/2021,31/08/2021,01/09/2021,27/09/2021,28/09/2021,04/10/2021,12/10/2021,25/10/2021,26/10/2021,08/11/2021,09/11/2021,10/11/2021,12/11/2021,15/11/2021,16/11/2021,05/01/2022,25/01/2022,12/04/2022,13/04/2022,24/06/2022,07/07/2022,15/07/2022,16/07/2022,25/07/2022,05/08/2022,10/08/2022,11/08/2022,23/08/2022,24/08/2022,25/08/2022,07/09/2022,22/09/2022,09/10/2022,11/10/2022,20/10/2022,21/10/2022,27/10/2022,28/10/2022,09/11/2022,10/11/2022,11/11/2022,21/11/2022,15/12/2022,16/03/2023,12/04/2023,21/04/2023,03/05/2023,22/05/2023,23/05/2023,28/05/2023,08/06/2023,16/06/2023,19/06/2023
UK 362735 101950,Blue Cattle Shed: Young Cattle,NA,NA,NW013,NW011,NW013,NW010,NWT801,8,NA,NA,NA,NW013,NA,NA,Blue Cattle Shed: Returning Cattle,Sold finished,NA,NA,NA,NA,NA,NA,NA,NA,NA,NA,NA,NA,NA,NA,NA,NA,NA,NA,NA,NA,NA,NA,NA,NA,NA,NA,NA,NA,NA,NA,NA,NA,NA,NA,NA,NA,NA,NA,NA,NA,NA,NA,NA,NA,NA,NA,NA,NA,NA,NA,NA,NA,NA,NA,NA,NA,NA,NA,NA,NA,NA,NA,NA,NA,NA,NA,NA,NA,NA
UK 362735 102041,NA,Green Cattle Shed: Young Cattle,NW006,NA,NA,NA,NW046,NA,NA,NWT502,NW045,5,NA,NW006,NA,Green Cattle Shed: Returning Cattle,Off platform,Sold finished,NA,NA,NA,NA,NA,NA,NA,NA,NA,NA,NA,NA,NA,NA,NA,NA,NA,NA,NA,NA,NA,NA,NA,NA,NA,NA,NA,NA,NA,NA,NA,NA,NA,NA,NA,NA,NA,NA,NA,NA,NA,NA,NA,NA,NA,NA,NA,NA,NA,NA,NA,NA,NA,NA,NA,NA,NA,NA,NA,NA,NA,NA,NA,NA,NA,NA,NA,NA
UK 362735 102083,NA,NA,NA,NA,NA,NA,NA,NA,NA,NA,NA,NA,NA,NA,Green Cattle Shed: Young Cattle,NA,NA,NA,NW046,NA,NW045,NA,NA,NWT503,5,NW045,5,NW006,NA,NW046,NW006,NA,NW009,NA,NW006,NA,Off platform,Sold finished,NA,NA,NA,NA,NA,NA,NA,NA,NA,NA,NA,NA,NA,NA,NA,NA,NA,NA,NA,NA,NA,NA,NA,NA,NA,NA,NA,NA,NA,NA,NA,NA,NA,NA,NA,NA,NA,NA,NA,NA,NA,NA,NA,NA,NA,NA,NA,NA
UK 362735 102097,NA,NA,NA,NA,NA,NA,NA,NA,NA,NA,NA,NA,NA,NA,Blue Cattle Shed: Young Cattle,NA,NA,NA,NA,NW010,NA,NA,NW011,8,NA,NA,NA,NW010,8,NA,NW013,Sold finished,NA,NA,NA,NA,NA,NA,NA,NA,NA,NA,NA,NA,NA,NA,NA,NA,NA,NA,NA,NA,NA,NA,NA,NA,NA,NA,NA,NA,NA,NA,NA,NA,NA,NA,NA,NA,NA,NA,NA,NA,NA,NA,NA,NA,NA,NA,NA,NA,NA,NA,NA,NA,NA,NA
UK 362735 102118,NA,NA,NA,NA,NA,NA,NA,NA,NA,NA,NA,NA,NA,NA,Blue Cattle Shed: Young Cattle,NA,NA,NA,NA,NW010,NA,NA,NW011,8,NA,NA,NA,NW011,8,NA,NW013,NA,NA,NW012,NW013,NA,NA,NA,NA,NA,NW010,NA,NW011,NA,NA,NA,Off platform,Sold finished,NA,NA,NA,NA,NA,NA,NA,NA,NA,NA,NA,NA,NA,NA,NA,NA,NA,NA,NA,NA,NA,NA,NA,NA,NA,NA,NA,NA,NA,NA,NA,NA,NA,NA,NA,NA,NA,NA
UK 362735 102125,NA,NA,NA,NA,NA,NA,NA,NA,NA,NA,NA,NA,NA,NA,Green Cattle Shed: Young Cattle,NA,NA,NA,NW046,NA,NW045,NA,NA,NWT503,5,NW045,5,NW006,NA,NW046,NW006,NA,NW009,NA,Off platform,Sold finished,NA,NA,NA,NA,NA,NA,NA,NA,NA,NA,NA,NA,NA,NA,NA,NA,NA,NA,NA,NA,NA,NA,NA,NA,NA,NA,NA,NA,NA,NA,NA,NA,NA,NA,NA,NA,NA,NA,NA,NA,NA,NA,NA,NA,NA,NA,NA,NA,NA,NA
UK 362735 102139,NA,NA,NA,NA,NA,NA,NA,NA,NA,NA,NA,NA,NA,NA,Blue Cattle Shed: Young Cattle,NA,NA,NA,NA,NW010,NA,NA,NW011,8,NA,NA,NA,NW011,8,NA,NW013,NA,NA,NW012,NW013,NA,Off platform,Sold finished,NA,NA,NA,NA,NA,NA,NA,NA,NA,NA,NA,NA,NA,NA,NA,NA,NA,NA,NA,NA,NA,NA,NA,NA,NA,NA,NA,NA,NA,NA,NA,NA,NA,NA,NA,NA,NA,NA,NA,NA,NA,NA,NA,NA,NA,NA,NA,NA
UK 362735 102160,NA,NA,NA,NA,NA,NA,NA,NA,NA,NA,NA,NA,NA,NA,Green Cattle Shed: Young Cattle,NA,NA,NA,NW046,NA,NW045,NA,NA,NWT503,5,NW045,5,NW045,NA,NW046,NW006,NA,NA,NW009,NW006,NA,NA,NA,NW045,NW046,NW006,NA,NA,NA,Green Cattle Shed: Returning Cattle,NA,NA,NA,Sold finished,NA,NA,NA,NA,NA,NA,NA,NA,NA,NA,NA,NA,NA,NA,NA,NA,NA,NA,NA,NA,NA,NA,NA,NA,NA,NA,NA,NA,NA,NA,NA,NA,NA,NA,NA,NA,NA
UK 362735 102174,NA,NA,NA,NA,NA,NA,NA,NA,NA,NA,NA,NA,NA,NA,Blue Cattle Shed: Young Cattle,NA,NA,NA,NA,NW010,NA,NA,NW011,8,NA,NA,NA,NW011,8,NA,NW013,NA,NA,NW012,NW013,NA,NA,NA,NA,NA,NW010,NA,NW011,NA,NA,NA,Off platform,Sold finished,NA,NA,NA,NA,NA,NA,NA,NA,NA,NA,NA,NA,NA,NA,NA,NA,NA,NA,NA,NA,NA,NA,NA,NA,NA,NA,NA,NA,NA,NA,NA,NA,NA,NA,NA,NA,NA,NA
UK 362735 102188,NA,NA,NA,NA,NA,NA,NA,NA,NA,NA,NA,NA,NA,NA,Blue Cattle Shed: Young Cattle,NA,NA,NA,NA,NW010,NA,NA,NW011,8,NA,NA,NA,NW010,8,NA,NW013,NA,NW012,NA,NW013,NA,NA,NA,NA,NA,NW010,NA,NW011,NA,NA,NA,Off platform,Sold finished,NA,NA,NA,NA,NA,NA,NA,NA,NA,NA,NA,NA,NA,NA,NA,NA,NA,NA,NA,NA,NA,NA,NA,NA,NA,NA,NA,NA,NA,NA,NA,NA,NA,NA,NA,NA,NA,NA
UK 362735 102209,NA,NA,NA,NA,NA,NA,NA,NA,NA,NA,NA,NA,NA,NA,NA,NA,NA,NA,NA,NA,NA,NA,NA,NA,NA,NA,NA,NA,NA,NA,NA,NA,NA,NA,NA,NA,NA,NA,NA,NA,NA,NA,Blue Cattle Shed: Young Cattle,NA,NA,NA,NA,NA,NA,NA,NA,NW013,NW010,NW011,NA,NA,NW010,NA,NA,NA,NA,Off platform,Sold finished,NA,NA,NA,NA,NA,NA,NA,NA,NA,NA,NA,NA,NA,NA,NA,NA,NA,NA,NA,NA,NA,NA,NA
UK 362735 102216,NA,NA,NA,NA,NA,NA,NA,NA,NA,NA,NA,NA,NA,NA,NA,NA,NA,NA,NA,NA,NA,NA,NA,NA,NA,NA,NA,NA,NA,NA,NA,NA,NA,NA,NA,NA,NA,NA,NA,NA,NA,NA,NA,Green Cattle Shed: Young Cattle,NA,NA,NA,NA,NA,NA,NW006,NA,NW045,NW046,NA,NA,NW005,NWT401,NA,NA,NW006,NA,NA,NA,NW009,NW046,NA,NW006,NA,Off platform,Sold finished,NA,NA,NA,NA,NA,NA,NA,NA,NA,NA,NA,NA,NA,NA,NA
UK 362735 102223,NA,NA,NA,NA,NA,NA,NA,NA,NA,NA,NA,NA,NA,NA,NA,NA,NA,NA,NA,NA,NA,NA,NA,NA,NA,NA,NA,NA,NA,NA,NA,NA,NA,NA,NA,NA,NA,NA,NA,NA,NA,NA,NA,Blue Cattle Shed: Young Cattle,NA,NA,NA,NA,NA,NA,NA,NW013,NW010,NW011,NA,NA,NW010,NA,NA,NA,NA,NA,NA,NW011,NW012,NA,NW010,Off platform,Sold finished,NA,NA,NA,NA,NA,NA,NA,NA,NA,NA,NA,NA,NA,NA,NA,NA,NA
UK 362735 102237,NA,NA,NA,NA,NA,NA,NA,NA,NA,NA,NA,NA,NA,NA,NA,NA,NA,NA,NA,NA,NA,NA,NA,NA,NA,NA,NA,NA,NA,NA,NA,NA,NA,NA,NA,NA,NA,NA,NA,NA,NA,NA,NA,Blue Cattle Shed: Young Cattle,NA,NA,NA,NA,NA,NA,NA,NW013,NW010,NW011,NA,NA,NW010,NA,NA,NA,NA,NA,NA,NW011,NW012,NA,NW010,Off platform,Sold finished,NA,NA,NA,NA,NA,NA,NA,NA,NA,NA,NA,NA,NA,NA,NA,NA,NA
UK 362735 102244,NA,NA,NA,NA,NA,NA,NA,NA,NA,NA,NA,NA,NA,NA,NA,NA,NA,NA,NA,NA,NA,NA,NA,NA,NA,NA,NA,NA,NA,NA,NA,NA,NA,NA,NA,NA,NA,NA,NA,NA,NA,NA,NA,Green Cattle Shed: Young Cattle,NA,NA,NA,NA,NA,NA,NW006,NA,NW045,NW046,NA,NA,NW005,NWT401,NA,NA,NW006,NA,NA,NA,NW009,NW046,NA,NW006,NA,NA,NA,NA,Off platform,Sold finished,NA,NA,NA,NA,NA,NA,NA,NA,NA,NA,NA,NA
UK 362735 102251,NA,NA,NA,NA,NA,NA,NA,NA,NA,NA,NA,NA,NA,NA,NA,NA,NA,NA,NA,NA,NA,NA,NA,NA,NA,NA,NA,NA,NA,NA,NA,NA,NA,NA,NA,NA,NA,NA,NA,NA,NA,NA,NA,Green Cattle Shed: Young Cattle,NA,NA,NA,NA,NA,NA,NW006,NA,NW045,NW046,NA,NA,NW005,NWT401,NA,NA,NW006,NA,NA,NA,NW009,NW046,NA,NW006,NA,NA,NA,NA,NA,NA,Green Cattle Shed: Returning Cattle,Sold finished,NA,NA,NA,NA,NA,NA,NA,NA,NA,NA
UK 362735 102258,NA,NA,NA,NA,NA,NA,NA,NA,NA,NA,NA,NA,NA,NA,NA,NA,NA,NA,NA,NA,NA,NA,NA,NA,NA,NA,NA,NA,NA,NA,NA,NA,NA,NA,NA,NA,NA,NA,NA,NA,NA,NA,NA,Green Cattle Shed: Young Cattle,NA,NA,NA,NA,NA,NA,NW006,NA,NW045,NW046,NA,NA,NW005,NWT401,NA,NA,NW006,NA,NA,NA,NW009,NW046,NA,NW006,NA,NA,NA,NA,Off platform,Sold finished,NA,NA,NA,NA,NA,NA,NA,NA,NA,NA,NA,NA
UK 362735 102265,NA,NA,NA,NA,NA,NA,NA,NA,NA,NA,NA,NA,NA,NA,NA,NA,NA,NA,NA,NA,NA,NA,NA,NA,NA,NA,NA,NA,NA,NA,NA,NA,NA,NA,NA,NA,NA,NA,NA,NA,NA,NA,Blue Cattle Shed: Young Cattle,NA,NA,NA,NA,NA,NA,NA,NA,NW013,NW010,NW011,NA,NA,NW010,NA,Off platform,Sold finished,NA,NA,NA,NA,NA,NA,NA,NA,NA,NA,NA,NA,NA,NA,NA,NA,NA,NA,NA,NA,NA,NA,NA,NA,NA,NA
UK 362735 102272,NA,NA,NA,NA,NA,NA,NA,NA,NA,NA,NA,NA,NA,NA,NA,NA,NA,NA,NA,NA,NA,NA,NA,NA,NA,NA,NA,NA,NA,NA,NA,NA,NA,NA,NA,NA,NA,NA,NA,NA,NA,NA,NA,Blue Cattle Shed: Young Cattle,NA,NA,NA,NA,NA,NA,NA,NW013,NW010,NW011,NA,NA,NW010,NA,NA,NA,NA,Off platform,Sold finished,NA,NA,NA,NA,NA,NA,NA,NA,NA,NA,NA,NA,NA,NA,NA,NA,NA,NA,NA,NA,NA,NA,NA
UK 362735 102293,NA,NA,NA,NA,NA,NA,NA,NA,NA,NA,NA,NA,NA,NA,NA,NA,NA,NA,NA,NA,NA,NA,NA,NA,NA,NA,NA,NA,NA,NA,NA,NA,NA,NA,NA,NA,NA,NA,NA,NA,NA,NA,Green Cattle Shed: Young Cattle,NA,NA,NA,NA,NA,NA,NA,NW006,NA,NW045,NW046,NA,NA,NW005,NWT401,NA,NA,NW006,NA,NA,NA,NW009,NW046,NA,NW006,NA,NA,NA,NA,NA,NA,Green Cattle Shed: Returning Cattle,Sold finished,NA,NA,NA,NA,NA,NA,NA,NA,NA,NA
UK 362735 102307,NA,NA,NA,NA,NA,NA,NA,NA,NA,NA,NA,NA,NA,NA,NA,NA,NA,NA,NA,NA,NA,NA,NA,NA,NA,NA,NA,NA,NA,NA,NA,NA,NA,NA,NA,NA,NA,NA,NA,NA,NA,NA,NA,Blue Cattle Shed: Young Cattle,NA,NA,NA,NA,NA,NA,NA,NW013,NW010,NW011,NA,NA,NW010,NA,NA,NA,NA,NA,NA,NW011,NW012,NA,NW010,Off platform,Sold finished,NA,NA,NA,NA,NA,NA,NA,NA,NA,NA,NA,NA,NA,NA,NA,NA,NA
UK 362735 201944,Blue Cattle Shed: Young Cattle,NA,NA,NW013,NW011,NW013,NW010,NWT801,8,NA,NA,NA,NW013,NA,NA,Blue Cattle Shed: Returning Cattle,Sold finished,NA,NA,NA,NA,NA,NA,NA,NA,NA,NA,NA,NA,NA,NA,NA,NA,NA,NA,NA,NA,NA,NA,NA,NA,NA,NA,NA,NA,NA,NA,NA,NA,NA,NA,NA,NA,NA,NA,NA,NA,NA,NA,NA,NA,NA,NA,NA,NA,NA,NA,NA,NA,NA,NA,NA,NA,NA,NA,NA,NA,NA,NA,NA,NA,NA,NA,NA,NA,NA
UK 362735 201965,NA,Green Cattle Shed: Young Cattle,NW006,NA,NA,NA,NW046,NA,NA,NWT502,NW045,5,NA,NW006,NA,Green Cattle Shed: Returning Cattle,Off platform,Sold finished,NA,NA,NA,NA,NA,NA,NA,NA,NA,NA,NA,NA,NA,NA,NA,NA,NA,NA,NA,NA,NA,NA,NA,NA,NA,NA,NA,NA,NA,NA,NA,NA,NA,NA,NA,NA,NA,NA,NA,NA,NA,NA,NA,NA,NA,NA,NA,NA,NA,NA,NA,NA,NA,NA,NA,NA,NA,NA,NA,NA,NA,NA,NA,NA,NA,NA,NA,NA
UK 362735 201986,Green Cattle Shed: Young Cattle,NA,NW006,NA,NA,NA,NW046,NA,NA,NWT502,NW045,5,NA,NW006,NA,Green Cattle Shed: Returning Cattle,Sold finished,NA,NA,NA,NA,NA,NA,NA,NA,NA,NA,NA,NA,NA,NA,NA,NA,NA,NA,NA,NA,NA,NA,NA,NA,NA,NA,NA,NA,NA,NA,NA,NA,NA,NA,NA,NA,NA,NA,NA,NA,NA,NA,NA,NA,NA,NA,NA,NA,NA,NA,NA,NA,NA,NA,NA,NA,NA,NA,NA,NA,NA,NA,NA,NA,NA,NA,NA,NA,NA
UK 362735 202007,NA,Blue Cattle Shed: Young Cattle,NA,NW013,NW011,NW013,NW010,NWT801,8,NA,NA,NA,NW013,NA,NA,Blue Cattle Shed: Returning Cattle,Sold finished,NA,NA,NA,NA,NA,NA,NA,NA,NA,NA,NA,NA,NA,NA,NA,NA,NA,NA,NA,NA,NA,NA,NA,NA,NA,NA,NA,NA,NA,NA,NA,NA,NA,NA,NA,NA,NA,NA,NA,NA,NA,NA,NA,NA,NA,NA,NA,NA,NA,NA,NA,NA,NA,NA,NA,NA,NA,NA,NA,NA,NA,NA,NA,NA,NA,NA,NA,NA,NA
UK 362735 202035,NA,Blue Cattle Shed: Young Cattle,NA,NW013,NW011,NW013,NW010,NWT801,8,NA,NA,NA,NW013,NA,NA,Blue Cattle Shed: Returning Cattle,Sold finished,NA,NA,NA,NA,NA,NA,NA,NA,NA,NA,NA,NA,NA,NA,NA,NA,NA,NA,NA,NA,NA,NA,NA,NA,NA,NA,NA,NA,NA,NA,NA,NA,NA,NA,NA,NA,NA,NA,NA,NA,NA,NA,NA,NA,NA,NA,NA,NA,NA,NA,NA,NA,NA,NA,NA,NA,NA,NA,NA,NA,NA,NA,NA,NA,NA,NA,NA,NA,NA
UK 362735 202077,NA,NA,NA,NA,NA,NA,NA,NA,NA,NA,NA,NA,NA,NA,Blue Cattle Shed: Young Cattle,NA,NA,NA,NA,NW010,NA,NA,NW011,8,NA,NA,NA,NW011,8,NA,NW013,NA,NA,NW012,NW013,NA,Off platform,Sold finished,NA,NA,NA,NA,NA,NA,NA,NA,NA,NA,NA,NA,NA,NA,NA,NA,NA,NA,NA,NA,NA,NA,NA,NA,NA,NA,NA,NA,NA,NA,NA,NA,NA,NA,NA,NA,NA,NA,NA,NA,NA,NA,NA,NA,NA,NA,NA,NA
UK 362735 202084,NA,NA,NA,NA,NA,NA,NA,NA,NA,NA,NA,NA,NA,NA,Blue Cattle Shed: Young Cattle,NA,NA,NA,NA,NW010,NA,NA,NW011,8,NA,NA,NA,NW010,8,NA,NW013,NA,NW012,NA,Off platform,Sold finished,NA,NA,NA,NA,NA,NA,NA,NA,NA,NA,NA,NA,NA,NA,NA,NA,NA,NA,NA,NA,NA,NA,NA,NA,NA,NA,NA,NA,NA,NA,NA,NA,NA,NA,NA,NA,NA,NA,NA,NA,NA,NA,NA,NA,NA,NA,NA,NA,NA,NA
UK 362735 202098,NA,NA,NA,NA,NA,NA,NA,NA,NA,NA,NA,NA,NA,NA,Green Cattle Shed: Young Cattle,NA,NA,NA,NW046,NA,NW045,NA,NA,NWT503,5,NW045,5,NW006,NA,NW046,NW006,NA,NW009,NA,NW006,NA,NA,NA,NW045,NW046,NW006,NA,NA,NA,Green Cattle Shed: Returning Cattle,NA,NA,NA,NA,Sold finished,NA,NA,NA,NA,NA,NA,NA,NA,NA,NA,NA,NA,NA,NA,NA,NA,NA,NA,NA,NA,NA,NA,NA,NA,NA,NA,NA,NA,NA,NA,NA,NA,NA,NA,NA,NA
UK 362735 202112,NA,NA,NA,NA,NA,NA,NA,NA,NA,NA,NA,NA,NA,NA,Blue Cattle Shed: Young Cattle,NA,NA,NA,NA,NW010,NA,NA,NW011,8,NA,NA,NA,NW011,8,NA,NW013,NA,NA,NW012,NW013,NA,NA,NA,NA,NA,NW010,NA,NW011,NA,NA,NA,Off platform,Sold finished,NA,NA,NA,NA,NA,NA,NA,NA,NA,NA,NA,NA,NA,NA,NA,NA,NA,NA,NA,NA,NA,NA,NA,NA,NA,NA,NA,NA,NA,NA,NA,NA,NA,NA,NA,NA,NA,NA
UK 362735 202126,NA,NA,NA,NA,NA,NA,NA,NA,NA,NA,NA,NA,NA,NA,Green Cattle Shed: Young Cattle,NA,NA,NA,NW046,NA,NW045,NA,NA,NWT503,5,NW045,5,NW006,NA,NW046,NW006,NA,NW009,NA,NW006,NA,NA,NA,NW045,NW046,NW006,NA,NA,NA,Green Cattle Shed: Returning Cattle,NA,NA,NA,NA,Sold finished,NA,NA,NA,NA,NA,NA,NA,NA,NA,NA,NA,NA,NA,NA,NA,NA,NA,NA,NA,NA,NA,NA,NA,NA,NA,NA,NA,NA,NA,NA,NA,NA,NA,NA,NA,NA
UK 362735 202147,NA,NA,NA,NA,NA,NA,NA,NA,NA,NA,NA,NA,NA,NA,Green Cattle Shed: Young Cattle,NA,NA,NA,NW046,NA,NW045,NA,NA,NWT503,5,NW045,5,NW006,NA,NW046,NW006,NA,NW009,NA,NW006,NA,NA,NA,NW045,NW046,NW006,NA,NA,NA,Green Cattle Shed: Returning Cattle,Sold finished,NA,NA,NA,NA,NA,NA,NA,NA,NA,NA,NA,NA,NA,NA,NA,NA,NA,NA,NA,NA,NA,NA,NA,NA,NA,NA,NA,NA,NA,NA,NA,NA,NA,NA,NA,NA,NA,NA,NA,NA
UK 362735 202154,NA,NA,NA,NA,NA,NA,NA,NA,NA,NA,NA,NA,NA,NA,Blue Cattle Shed: Young Cattle,NA,NA,NA,NA,NW010,NA,NA,NW011,8,NA,NA,NA,NW011,8,NA,NW013,NA,NA,NW012,NW013,NA,NA,NA,NA,NA,Off platform,Sold finished,NA,NA,NA,NA,NA,NA,NA,NA,NA,NA,NA,NA,NA,NA,NA,NA,NA,NA,NA,NA,NA,NA,NA,NA,NA,NA,NA,NA,NA,NA,NA,NA,NA,NA,NA,NA,NA,NA,NA,NA,NA,NA,NA,NA
UK 362735 202175,NA,NA,NA,NA,NA,NA,NA,NA,NA,NA,NA,NA,NA,NA,Green Cattle Shed: Young Cattle,NA,NA,NA,NW046,NA,NW045,NA,NA,NWT503,5,NW045,5,NW045,NA,NW046,NW006,NA,NA,NW009,NW006,NA,NA,NA,NW045,NW046,Off platform,Sold finished,NA,NA,NA,NA,NA,NA,NA,NA,NA,NA,NA,NA,NA,NA,NA,NA,NA,NA,NA,NA,NA,NA,NA,NA,NA,NA,NA,NA,NA,NA,NA,NA,NA,NA,NA,NA,NA,NA,NA,NA,NA,NA,NA,NA
UK 362735 202182,NA,NA,NA,NA,NA,NA,NA,NA,NA,NA,NA,NA,NA,NA,Green Cattle Shed: Young Cattle,NA,NA,NA,NW046,NA,NW045,NA,NA,NWT503,5,NW045,5,NW006,NA,NW046,NW006,NA,NW009,NA,NW006,NA,NA,NA,NW045,NW046,Off platform,Sold finished,NA,NA,NA,NA,NA,NA,NA,NA,NA,NA,NA,NA,NA,NA,NA,NA,NA,NA,NA,NA,NA,NA,NA,NA,NA,NA,NA,NA,NA,NA,NA,NA,NA,NA,NA,NA,NA,NA,NA,NA,NA,NA,NA,NA
UK 362735 202203,NA,NA,NA,NA,NA,NA,NA,NA,NA,NA,NA,NA,NA,NA,NA,NA,NA,NA,NA,NA,NA,NA,NA,NA,NA,NA,NA,NA,NA,NA,NA,NA,NA,NA,NA,NA,NA,NA,NA,NA,NA,NA,NA,Green Cattle Shed: Young Cattle,NA,NA,NA,NA,NA,NA,NW006,NA,NW045,NW046,NA,NA,NW005,NWT401,NA,NA,NW006,NA,NA,NA,NW009,NW046,NA,NW006,NA,NA,NA,NA,NA,NA,Green Cattle Shed: Returning Cattle,Sold finished,NA,NA,NA,NA,NA,NA,NA,NA,NA,NA
UK 362735 202224,NA,NA,NA,NA,NA,NA,NA,NA,NA,NA,NA,NA,NA,NA,NA,NA,NA,NA,NA,NA,NA,NA,NA,NA,NA,NA,NA,NA,NA,NA,NA,NA,NA,NA,NA,NA,NA,NA,NA,NA,NA,NA,NA,Blue Cattle Shed: Young Cattle,NA,NA,NA,NA,NA,NA,NA,NW013,NW010,NW011,NA,NA,NW010,NA,NA,NA,NA,NA,NA,NW011,NW012,NA,NW010,NA,NA,NA,NA,NW011,Off platform,Sold finished,NA,NA,NA,NA,NA,NA,NA,NA,NA,NA,NA,NA
UK 362735 202238,NA,NA,NA,NA,NA,NA,NA,NA,NA,NA,NA,NA,NA,NA,NA,NA,NA,NA,NA,NA,NA,NA,NA,NA,NA,NA,NA,NA,NA,NA,NA,NA,NA,NA,NA,NA,NA,NA,NA,NA,NA,NA,NA,Green Cattle Shed: Young Cattle,NA,NA,NA,NA,NA,NA,NW006,NA,NW045,NW046,NA,NA,NW005,NWT401,NA,NA,NA,Off platform,Sold finished,NA,NA,NA,NA,NA,NA,NA,NA,NA,NA,NA,NA,NA,NA,NA,NA,NA,NA,NA,NA,NA,NA,NA
UK 362735 202245,NA,NA,NA,NA,NA,NA,NA,NA,NA,NA,NA,NA,NA,NA,NA,NA,NA,NA,NA,NA,NA,NA,NA,NA,NA,NA,NA,NA,NA,NA,NA,NA,NA,NA,NA,NA,NA,NA,NA,NA,NA,NA,NA,Green Cattle Shed: Young Cattle,NA,NA,NA,NA,NA,NA,NW006,NA,NW045,NW046,NA,NA,NW005,NWT401,Off platform,Sold finished,NA,NA,NA,NA,NA,NA,NA,NA,NA,NA,NA,NA,NA,NA,NA,NA,NA,NA,NA,NA,NA,NA,NA,NA,NA,NA
UK 362735 202266,NA,NA,NA,NA,NA,NA,NA,NA,NA,NA,NA,NA,NA,NA,NA,NA,NA,NA,NA,NA,NA,NA,NA,NA,NA,NA,NA,NA,NA,NA,NA,NA,NA,NA,NA,NA,NA,NA,NA,NA,NA,NA,Blue Cattle Shed: Young Cattle,NA,NA,NA,NA,NA,NA,NA,NA,NW013,NW010,NW011,NA,NA,NW010,NA,NA,NA,NA,NA,NA,NW011,NW012,NA,NW010,Off platform,Sold finished,NA,NA,NA,NA,NA,NA,NA,NA,NA,NA,NA,NA,NA,NA,NA,NA,NA
UK 362735 202273,NA,NA,NA,NA,NA,NA,NA,NA,NA,NA,NA,NA,NA,NA,NA,NA,NA,NA,NA,NA,NA,NA,NA,NA,NA,NA,NA,NA,NA,NA,NA,NA,NA,NA,NA,NA,NA,NA,NA,NA,NA,NA,Green Cattle Shed: Young Cattle,NA,NA,NA,NA,NA,NA,NA,NW006,NA,NW045,NW046,NA,NA,NW005,NWT401,NA,NA,NA,Off platform,Sold finished,NA,NA,NA,NA,NA,NA,NA,NA,NA,NA,NA,NA,NA,NA,NA,NA,NA,NA,NA,NA,NA,NA,NA
UK 362735 202294,NA,NA,NA,NA,NA,NA,NA,NA,NA,NA,NA,NA,NA,NA,NA,NA,NA,NA,NA,NA,NA,NA,NA,NA,NA,NA,NA,NA,NA,NA,NA,NA,NA,NA,NA,NA,NA,NA,NA,NA,NA,NA,Green Cattle Shed: Young Cattle,NA,NA,NA,NA,NA,NA,NA,NW006,NA,NW045,NW046,NA,NA,NW005,NWT401,NA,NA,NW006,NA,NA,NA,NW009,NW046,NA,NW006,NA,Off platform,Sold finished,NA,NA,NA,NA,NA,NA,NA,NA,NA,NA,NA,NA,NA,NA,NA
UK 362735 301987,NA,Blue Cattle Shed: Young Cattle,NA,NW013,NW011,NW013,NW010,NWT801,8,NA,NA,NA,NW013,NA,NA,Blue Cattle Shed: Returning Cattle,Sold finished,NA,NA,NA,NA,NA,NA,NA,NA,NA,NA,NA,NA,NA,NA,NA,NA,NA,NA,NA,NA,NA,NA,NA,NA,NA,NA,NA,NA,NA,NA,NA,NA,NA,NA,NA,NA,NA,NA,NA,NA,NA,NA,NA,NA,NA,NA,NA,NA,NA,NA,NA,NA,NA,NA,NA,NA,NA,NA,NA,NA,NA,NA,NA,NA,NA,NA,NA,NA,NA
UK 362735 301994,Green Cattle Shed: Young Cattle,NA,NW006,NA,NA,NA,NW046,NA,NA,NWT502,NW045,5,NA,NW006,NA,Green Cattle Shed: Returning Cattle,Sold finished,NA,NA,NA,NA,NA,NA,NA,NA,NA,NA,NA,NA,NA,NA,NA,NA,NA,NA,NA,NA,NA,NA,NA,NA,NA,NA,NA,NA,NA,NA,NA,NA,NA,NA,NA,NA,NA,NA,NA,NA,NA,NA,NA,NA,NA,NA,NA,NA,NA,NA,NA,NA,NA,NA,NA,NA,NA,NA,NA,NA,NA,NA,NA,NA,NA,NA,NA,NA,NA
UK 362735 302008,Blue Cattle Shed: Young Cattle,NA,NA,NW013,NW011,NW013,NW010,NWT801,8,NA,NA,NA,NW013,NA,NA,Blue Cattle Shed: Returning Cattle,Sold finished,NA,NA,NA,NA,NA,NA,NA,NA,NA,NA,NA,NA,NA,NA,NA,NA,NA,NA,NA,NA,NA,NA,NA,NA,NA,NA,NA,NA,NA,NA,NA,NA,NA,NA,NA,NA,NA,NA,NA,NA,NA,NA,NA,NA,NA,NA,NA,NA,NA,NA,NA,NA,NA,NA,NA,NA,NA,NA,NA,NA,NA,NA,NA,NA,NA,NA,NA,NA,NA
UK 362735 302036,NA,Green Cattle Shed: Young Cattle,NW006,NA,NA,NA,NW046,NA,NA,NWT502,NW045,5,NA,NW006,NA,Green Cattle Shed: Returning Cattle,Off platform,Sold finished,NA,NA,NA,NA,NA,NA,NA,NA,NA,NA,NA,NA,NA,NA,NA,NA,NA,NA,NA,NA,NA,NA,NA,NA,NA,NA,NA,NA,NA,NA,NA,NA,NA,NA,NA,NA,NA,NA,NA,NA,NA,NA,NA,NA,NA,NA,NA,NA,NA,NA,NA,NA,NA,NA,NA,NA,NA,NA,NA,NA,NA,NA,NA,NA,NA,NA,NA,NA
UK 362735 302064,NA,NA,NA,NA,NA,NA,NA,NA,NA,NA,NA,NA,NA,NA,Green Cattle Shed: Young Cattle,NA,NA,NA,NW046,NA,NW045,NA,NA,NWT503,5,NW045,5,NW006,NA,NW046,NW006,NA,NW009,NA,NW006,NA,NA,NA,NW045,NW046,NW006,NA,NA,NA,Green Cattle Shed: Returning Cattle,NA,NA,NA,NA,Sold finished,NA,NA,NA,NA,NA,NA,NA,NA,NA,NA,NA,NA,NA,NA,NA,NA,NA,NA,NA,NA,NA,NA,NA,NA,NA,NA,NA,NA,NA,NA,NA,NA,NA,NA,NA,NA
UK 362735 302071,NA,NA,NA,NA,NA,NA,NA,NA,NA,NA,NA,NA,NA,NA,Green Cattle Shed: Young Cattle,NA,NA,NA,NW046,NA,NW045,NA,NA,NWT503,5,NW045,5,NW045,NA,NW046,NW006,NA,NA,NW009,NW006,NA,Off platform,Sold finished,NA,NA,NA,NA,NA,NA,NA,NA,NA,NA,NA,NA,NA,NA,NA,NA,NA,NA,NA,NA,NA,NA,NA,NA,NA,NA,NA,NA,NA,NA,NA,NA,NA,NA,NA,NA,NA,NA,NA,NA,NA,NA,NA,NA,NA,NA,NA,NA
UK 362735 302078,NA,NA,NA,NA,NA,NA,NA,NA,NA,NA,NA,NA,NA,NA,Green Cattle Shed: Young Cattle,NA,NA,NA,NW046,NA,NW045,NA,NA,NWT503,5,NW045,5,NW006,NA,NW046,NW006,NA,NW009,NA,NW006,NA,NA,NA,NW045,NW046,NW006,NA,NA,NA,Green Cattle Shed: Returning Cattle,NA,NA,NA,NA,Sold finished,NA,NA,NA,NA,NA,NA,NA,NA,NA,NA,NA,NA,NA,NA,NA,NA,NA,NA,NA,NA,NA,NA,NA,NA,NA,NA,NA,NA,NA,NA,NA,NA,NA,NA,NA,NA
UK 362735 302120,NA,NA,NA,NA,NA,NA,NA,NA,NA,NA,NA,NA,NA,NA,Blue Cattle Shed: Young Cattle,NA,NA,NA,NA,NW010,NA,NA,NW011,8,NA,NA,NA,NW010,8,NA,NW013,NA,NW012,NA,NW013,NA,NA,NA,NA,NA,Off platform,Sold finished,NA,NA,NA,NA,NA,NA,NA,NA,NA,NA,NA,NA,NA,NA,NA,NA,NA,NA,NA,NA,NA,NA,NA,NA,NA,NA,NA,NA,NA,NA,NA,NA,NA,NA,NA,NA,NA,NA,NA,NA,NA,NA,NA,NA
UK 362735 302127,NA,NA,NA,NA,NA,NA,NA,NA,NA,NA,NA,NA,NA,NA,Blue Cattle Shed: Young Cattle,NA,NA,NA,NA,NW010,NA,NA,NW011,8,NA,NA,NA,NW010,8,NA,NW013,NA,NW012,NA,Off platform,Sold finished,NA,NA,NA,NA,NA,NA,NA,NA,NA,NA,NA,NA,NA,NA,NA,NA,NA,NA,NA,NA,NA,NA,NA,NA,NA,NA,NA,NA,NA,NA,NA,NA,NA,NA,NA,NA,NA,NA,NA,NA,NA,NA,NA,NA,NA,NA,NA,NA,NA,NA
UK 362735 302134,NA,NA,NA,NA,NA,NA,NA,NA,NA,NA,NA,NA,NA,NA,Green Cattle Shed: Young Cattle,NA,NA,NA,NW046,NA,NW045,NA,NA,NWT503,5,NW045,5,NW045,NA,NW046,NW006,NA,NA,NW009,Off platform,Sold finished,NA,NA,NA,NA,NA,NA,NA,NA,NA,NA,NA,NA,NA,NA,NA,NA,NA,NA,NA,NA,NA,NA,NA,NA,NA,NA,NA,NA,NA,NA,NA,NA,NA,NA,NA,NA,NA,NA,NA,NA,NA,NA,NA,NA,NA,NA,NA,NA,NA,NA
UK 362735 302141,NA,NA,NA,NA,NA,NA,NA,NA,NA,NA,NA,NA,NA,NA,Green Cattle Shed: Young Cattle,NA,NA,NA,NW046,NA,NW045,NA,NA,NWT503,5,NW045,5,NW045,NA,NW046,NW006,NA,NA,NW009,NW006,NA,NA,NA,NW045,NW046,NW006,NA,NA,NA,Green Cattle Shed: Returning Cattle,NA,NA,NA,NA,Sold finished,NA,NA,NA,NA,NA,NA,NA,NA,NA,NA,NA,NA,NA,NA,NA,NA,NA,NA,NA,NA,NA,NA,NA,NA,NA,NA,NA,NA,NA,NA,NA,NA,NA,NA,NA,NA
UK 362735 302148,NA,NA,NA,NA,NA,NA,NA,NA,NA,NA,NA,NA,NA,NA,Green Cattle Shed: Young Cattle,NA,NA,NA,NW046,NA,NW045,NA,NA,NWT503,5,NW045,5,NW045,NA,NW046,NW006,NA,NA,NW009,NW006,NA,NA,NA,NW045,NW046,NW006,NA,NA,NA,Green Cattle Shed: Returning Cattle,NA,NA,NA,NA,Sold finished,NA,NA,NA,NA,NA,NA,NA,NA,NA,NA,NA,NA,NA,NA,NA,NA,NA,NA,NA,NA,NA,NA,NA,NA,NA,NA,NA,NA,NA,NA,NA,NA,NA,NA,NA,NA
UK 362735 302155,NA,NA,NA,NA,NA,NA,NA,NA,NA,NA,NA,NA,NA,NA,Green Cattle Shed: Young Cattle,NA,NA,NA,NW046,NA,NW045,NA,NA,NWT503,5,NW045,5,NW006,NA,NW046,NW006,NA,NW009,NA,NW006,NA,Off platform,NA,NA,NA,NW006,NA,NA,NA,Green Cattle Shed: Returning Cattle,Sold finished,NA,NA,NA,NA,NA,NA,NA,NA,NA,NA,NA,NA,NA,NA,NA,NA,NA,NA,NA,NA,NA,NA,NA,NA,NA,NA,NA,NA,NA,NA,NA,NA,NA,NA,NA,NA,NA,NA,NA,NA
UK 362735 302162,NA,NA,NA,NA,NA,NA,NA,NA,NA,NA,NA,NA,NA,NA,Green Cattle Shed: Young Cattle,NA,NA,NA,NW046,NA,NW045,NA,NA,NWT503,5,NW045,5,NW045,NA,NW046,NW006,NA,NA,NW009,NW006,NA,NA,NA,NW045,NW046,Off platform,Sold finished,NA,NA,NA,NA,NA,NA,NA,NA,NA,NA,NA,NA,NA,NA,NA,NA,NA,NA,NA,NA,NA,NA,NA,NA,NA,NA,NA,NA,NA,NA,NA,NA,NA,NA,NA,NA,NA,NA,NA,NA,NA,NA,NA,NA
UK 362735 302169,NA,NA,NA,NA,NA,NA,NA,NA,NA,NA,NA,NA,NA,NA,Blue Cattle Shed: Young Cattle,NA,NA,NA,NA,NW010,NA,NA,NW011,8,NA,NA,NA,NW010,8,NA,NW013,NA,NW012,NA,NW013,NA,NA,NA,NA,NA,NW010,NA,NW011,NA,NA,NA,Off platform,Sold finished,NA,NA,NA,NA,NA,NA,NA,NA,NA,NA,NA,NA,NA,NA,NA,NA,NA,NA,NA,NA,NA,NA,NA,NA,NA,NA,NA,NA,NA,NA,NA,NA,NA,NA,NA,NA,NA,NA
UK 362735 302176,NA,NA,NA,NA,NA,NA,NA,NA,NA,NA,NA,NA,NA,NA,Blue Cattle Shed: Young Cattle,NA,NA,NA,NA,NW010,NA,NA,NW011,8,NA,NA,NA,NW011,8,NA,NW013,NA,NA,NW012,NW013,NA,NA,NA,NA,NA,Off platform,Sold finished,NA,NA,NA,NA,NA,NA,NA,NA,NA,NA,NA,NA,NA,NA,NA,NA,NA,NA,NA,NA,NA,NA,NA,NA,NA,NA,NA,NA,NA,NA,NA,NA,NA,NA,NA,NA,NA,NA,NA,NA,NA,NA,NA,NA
UK 362735 302190,NA,NA,NA,NA,NA,NA,NA,NA,NA,NA,NA,NA,NA,NA,Green Cattle Shed: Young Cattle,NA,NA,NA,NW046,NA,NW045,NA,NA,NWT503,5,NW045,5,NW045,NA,NW046,NW006,NA,NA,NW009,NW006,NA,NA,NA,NW045,NW046,Off platform,Sold finished,NA,NA,NA,NA,NA,NA,NA,NA,NA,NA,NA,NA,NA,NA,NA,NA,NA,NA,NA,NA,NA,NA,NA,NA,NA,NA,NA,NA,NA,NA,NA,NA,NA,NA,NA,NA,NA,NA,NA,NA,NA,NA,NA,NA
UK 362735 302204,NA,NA,NA,NA,NA,NA,NA,NA,NA,NA,NA,NA,NA,NA,NA,NA,NA,NA,NA,NA,NA,NA,NA,NA,NA,NA,NA,NA,NA,NA,NA,NA,NA,NA,NA,NA,NA,NA,NA,NA,NA,NA,NA,Blue Cattle Shed: Young Cattle,NA,NA,NA,NA,NA,NA,NA,NW013,NW010,NW011,NA,NA,NW010,NA,Off platform,Sold finished,NA,NA,NA,NA,NA,NA,NA,NA,NA,NA,NA,NA,NA,NA,NA,NA,NA,NA,NA,NA,NA,NA,NA,NA,NA,NA
UK 362735 302225,NA,NA,NA,NA,NA,NA,NA,NA,NA,NA,NA,NA,NA,NA,NA,NA,NA,NA,NA,NA,NA,NA,NA,NA,NA,NA,NA,NA,NA,NA,NA,NA,NA,NA,NA,NA,NA,NA,NA,NA,NA,NA,NA,Blue Cattle Shed: Young Cattle,NA,NA,NA,NA,NA,NA,NA,NW013,NW010,NW011,NA,NA,NW010,NA,NA,NA,NA,NA,NA,NW011,NW012,NA,NW010,NA,NA,NA,NA,NW011,Off platform,Sold finished,NA,NA,NA,NA,NA,NA,NA,NA,NA,NA,NA,NA
UK 362735 302232,NA,NA,NA,NA,NA,NA,NA,NA,NA,NA,NA,NA,NA,NA,NA,NA,NA,NA,NA,NA,NA,NA,NA,NA,NA,NA,NA,NA,NA,NA,NA,NA,NA,NA,NA,NA,NA,NA,NA,NA,NA,NA,NA,Blue Cattle Shed: Young Cattle,NA,NA,NA,NA,NA,NA,NA,NW013,NW010,NW011,NA,NA,NW010,NA,NA,NA,NA,Off platform,Sold finished,NA,NA,NA,NA,NA,NA,NA,NA,NA,NA,NA,NA,NA,NA,NA,NA,NA,NA,NA,NA,NA,NA,NA
UK 362735 302253,NA,NA,NA,NA,NA,NA,NA,NA,NA,NA,NA,NA,NA,NA,NA,NA,NA,NA,NA,NA,NA,NA,NA,NA,NA,NA,NA,NA,NA,NA,NA,NA,NA,NA,NA,NA,NA,NA,NA,NA,NA,NA,NA,Green Cattle Shed: Young Cattle,NA,NA,NA,NA,NA,NA,NW006,NA,NW045,NW046,NA,NA,NW005,NWT401,NA,NA,NW006,NA,NA,NA,NW009,NW046,NA,NW006,NA,NA,NA,NA,Off platform,Sold finished,NA,NA,NA,NA,NA,NA,NA,NA,NA,NA,NA,NA
UK 362735 302274,NA,NA,NA,NA,NA,NA,NA,NA,NA,NA,NA,NA,NA,NA,NA,NA,NA,NA,NA,NA,NA,NA,NA,NA,NA,NA,NA,NA,NA,NA,NA,NA,NA,NA,NA,NA,NA,NA,NA,NA,NA,NA,Green Cattle Shed: Young Cattle,NA,NA,NA,NA,NA,NA,NA,NW006,NA,NW045,NW046,NA,NA,NW005,NWT401,NA,NA,NW006,NA,NA,NA,NW009,NW046,NA,NW006,NA,Off platform,Sold finished,NA,NA,NA,NA,NA,NA,NA,NA,NA,NA,NA,NA,NA,NA,NA
UK 362735 302295,NA,NA,NA,NA,NA,NA,NA,NA,NA,NA,NA,NA,NA,NA,NA,NA,NA,NA,NA,NA,NA,NA,NA,NA,NA,NA,NA,NA,NA,NA,NA,NA,NA,NA,NA,NA,NA,NA,NA,NA,NA,NA,NA,Green Cattle Shed: Young Cattle,NA,NA,NA,NA,NA,NA,NW006,NA,NW045,NW046,NA,NA,NW005,NWT401,NA,NA,NW006,NA,NA,NA,NW009,NW046,NA,NW006,NA,NA,NA,NA,NA,NA,Green Cattle Shed: Returning Cattle,NA,NA,NW045,NW046,NW009,NW006,NA,NW009,NW046,Off platform,Sold finished
UK 362735 302302,NA,NA,NA,NA,NA,NA,NA,NA,NA,NA,NA,NA,NA,NA,NA,NA,NA,NA,NA,NA,NA,NA,NA,NA,NA,NA,NA,NA,NA,NA,NA,NA,NA,NA,NA,NA,NA,NA,NA,NA,NA,NA,Blue Cattle Shed: Young Cattle,NA,NA,NA,NA,NA,NA,NA,NA,NW013,NW010,NW011,NA,NA,NW010,NA,NA,NA,NA,NA,NA,NW011,NW012,NA,NW010,NA,NA,NA,NA,NW011,NA,NA,Blue Cattle Shed: Returning Cattle,Sold finished,NA,NA,NA,NA,NA,NA,NA,NA,NA,NA
UK 362735 302309,NA,NA,NA,NA,NA,NA,NA,NA,NA,NA,NA,NA,NA,NA,NA,NA,NA,NA,NA,NA,NA,NA,NA,NA,NA,NA,NA,NA,NA,NA,NA,NA,NA,NA,NA,NA,NA,NA,NA,NA,NA,NA,Blue Cattle Shed: Young Cattle,NA,NA,NA,NA,NA,NA,NA,NA,NW013,NW010,NW011,NA,NA,NW010,NA,NA,NA,NA,NA,NA,NW011,NW012,NA,NW010,Off platform,Sold finished,NA,NA,NA,NA,NA,NA,NA,NA,NA,NA,NA,NA,NA,NA,NA,NA,NA
UK 362735 302316,NA,NA,NA,NA,NA,NA,NA,NA,NA,NA,NA,NA,NA,NA,NA,NA,NA,NA,NA,NA,NA,NA,NA,NA,NA,NA,NA,NA,NA,NA,NA,NA,NA,NA,NA,NA,NA,NA,NA,NA,NA,NA,NA,Green Cattle Shed: Young Cattle,NA,NA,NA,NA,NA,NA,NW006,NA,NW045,NW046,NA,NA,NW005,NWT401,NA,NA,NW006,NA,NA,NA,NW009,NW046,NA,NW006,NA,Off platform,Sold finished,NA,NA,NA,NA,NA,NA,NA,NA,NA,NA,NA,NA,NA,NA,NA
UK 362735 302323,NA,NA,NA,NA,NA,NA,NA,NA,NA,NA,NA,NA,NA,NA,NA,NA,NA,NA,NA,NA,NA,NA,NA,NA,NA,NA,NA,NA,NA,NA,NA,NA,NA,NA,NA,NA,NA,NA,NA,NA,NA,NA,Green Cattle Shed: Young Cattle,NA,NA,NA,NA,NA,NA,NA,NW006,NA,NW045,NW046,NA,NA,NW005,NWT401,NA,NA,NW006,NA,NA,NA,NW009,NW046,NA,NW006,NA,NA,NA,NA,NA,NA,Green Cattle Shed: Returning Cattle,NA,NA,NW045,NW046,NW009,NA,Sold finished,NA,NA,NA,NA
UK 362735 401995,NA,Blue Cattle Shed: Young Cattle,NA,NW013,NW011,NW013,NW010,NWT801,8,NA,NA,NA,NW013,NA,NA,Blue Cattle Shed: Returning Cattle,Sold finished,NA,NA,NA,NA,NA,NA,NA,NA,NA,NA,NA,NA,NA,NA,NA,NA,NA,NA,NA,NA,NA,NA,NA,NA,NA,NA,NA,NA,NA,NA,NA,NA,NA,NA,NA,NA,NA,NA,NA,NA,NA,NA,NA,NA,NA,NA,NA,NA,NA,NA,NA,NA,NA,NA,NA,NA,NA,NA,NA,NA,NA,NA,NA,NA,NA,NA,NA,NA,NA
UK 362735 402023,Green Cattle Shed: Young Cattle,NA,NW006,NA,NA,NA,NW046,NA,NA,NWT502,NW045,5,NA,NW006,NA,Green Cattle Shed: Returning Cattle,Off platform,Sold finished,NA,NA,NA,NA,NA,NA,NA,NA,NA,NA,NA,NA,NA,NA,NA,NA,NA,NA,NA,NA,NA,NA,NA,NA,NA,NA,NA,NA,NA,NA,NA,NA,NA,NA,NA,NA,NA,NA,NA,NA,NA,NA,NA,NA,NA,NA,NA,NA,NA,NA,NA,NA,NA,NA,NA,NA,NA,NA,NA,NA,NA,NA,NA,NA,NA,NA,NA,NA
UK 362735 402086,NA,NA,NA,NA,NA,NA,NA,NA,NA,NA,NA,NA,NA,NA,Green Cattle Shed: Young Cattle,NA,NA,NA,NW046,NA,NW045,NA,NA,NWT503,5,NW045,5,NW006,NA,NW046,NW006,NA,NW009,NA,Off platform,Sold finished,NA,NA,NA,NA,NA,NA,NA,NA,NA,NA,NA,NA,NA,NA,NA,NA,NA,NA,NA,NA,NA,NA,NA,NA,NA,NA,NA,NA,NA,NA,NA,NA,NA,NA,NA,NA,NA,NA,NA,NA,NA,NA,NA,NA,NA,NA,NA,NA,NA,NA
UK 362735 402093,NA,NA,NA,NA,NA,NA,NA,NA,NA,NA,NA,NA,NA,NA,Green Cattle Shed: Young Cattle,NA,NA,NA,NW046,NA,NW045,NA,NA,NWT503,5,NW045,5,NW045,NA,NW046,NW006,NA,NA,NW009,NW006,NA,NA,NA,NW045,NW046,NW006,NA,NA,NA,Green Cattle Shed: Returning Cattle,NA,NA,NA,NA,Sold finished,NA,NA,NA,NA,NA,NA,NA,NA,NA,NA,NA,NA,NA,NA,NA,NA,NA,NA,NA,NA,NA,NA,NA,NA,NA,NA,NA,NA,NA,NA,NA,NA,NA,NA,NA,NA
UK 362735 402135,NA,NA,NA,NA,NA,NA,NA,NA,NA,NA,NA,NA,NA,NA,Green Cattle Shed: Young Cattle,NA,NA,NA,NW046,NA,NW045,NA,NA,NWT503,5,NW045,5,NW045,NA,NW046,NW006,NA,NA,NW009,NW006,NA,NA,NA,NW045,NW046,NW006,NA,NA,NA,Green Cattle Shed: Returning Cattle,NA,NA,NA,NA,Sold finished,NA,NA,NA,NA,NA,NA,NA,NA,NA,NA,NA,NA,NA,NA,NA,NA,NA,NA,NA,NA,NA,NA,NA,NA,NA,NA,NA,NA,NA,NA,NA,NA,NA,NA,NA,NA
UK 362735 402177,NA,NA,NA,NA,NA,NA,NA,NA,NA,NA,NA,NA,NA,NA,Blue Cattle Shed: Young Cattle,NA,NA,NA,NA,NW010,NA,NA,NW011,8,NA,NA,NA,NW010,8,NA,NW013,NA,NW012,NA,NW013,NA,NA,NA,NA,NA,NW010,NA,NW011,NA,NA,NA,Off platform,Sold finished,NA,NA,NA,NA,NA,NA,NA,NA,NA,NA,NA,NA,NA,NA,NA,NA,NA,NA,NA,NA,NA,NA,NA,NA,NA,NA,NA,NA,NA,NA,NA,NA,NA,NA,NA,NA,NA,NA
UK 362735 402184,NA,NA,NA,NA,NA,NA,NA,NA,NA,NA,NA,NA,NA,NA,Blue Cattle Shed: Young Cattle,NA,NA,NA,NA,NW010,NA,NA,NW011,8,NA,NA,NA,NW011,8,NA,NW013,NA,NA,NW012,NW013,NA,NA,NA,NA,NA,NW010,NA,NW011,NA,NA,NA,Off platform,Sold finished,NA,NA,NA,NA,NA,NA,NA,NA,NA,NA,NA,NA,NA,NA,NA,NA,NA,NA,NA,NA,NA,NA,NA,NA,NA,NA,NA,NA,NA,NA,NA,NA,NA,NA,NA,NA,NA,NA
UK 362735 402226,NA,NA,NA,NA,NA,NA,NA,NA,NA,NA,NA,NA,NA,NA,NA,NA,NA,NA,NA,NA,NA,NA,NA,NA,NA,NA,NA,NA,NA,NA,NA,NA,NA,NA,NA,NA,NA,NA,NA,NA,NA,NA,NA,Blue Cattle Shed: Young Cattle,NA,NA,NA,NA,NA,NA,NA,NW013,NW010,NW011,NA,NA,NW010,NA,Off platform,Sold finished,NA,NA,NA,NA,NA,NA,NA,NA,NA,NA,NA,NA,NA,NA,NA,NA,NA,NA,NA,NA,NA,NA,NA,NA,NA,NA
UK 362735 402240,NA,NA,NA,NA,NA,NA,NA,NA,NA,NA,NA,NA,NA,NA,NA,NA,NA,NA,NA,NA,NA,NA,NA,NA,NA,NA,NA,NA,NA,NA,NA,NA,NA,NA,NA,NA,NA,NA,NA,NA,NA,NA,NA,Blue Cattle Shed: Young Cattle,NA,NA,NA,NA,NA,NA,NA,NW013,NW010,NW011,NA,NA,NW010,NA,NA,NA,NA,NA,NA,NW011,NW012,NA,NW010,Off platform,Sold finished,NA,NA,NA,NA,NA,NA,NA,NA,NA,NA,NA,NA,NA,NA,NA,NA,NA
UK 362735 402254,NA,NA,NA,NA,NA,NA,NA,NA,NA,NA,NA,NA,NA,NA,NA,NA,NA,NA,NA,NA,NA,NA,NA,NA,NA,NA,NA,NA,NA,NA,NA,NA,NA,NA,NA,NA,NA,NA,NA,NA,NA,NA,NA,Blue Cattle Shed: Young Cattle,NA,NA,NA,NA,NA,NA,NA,NW013,NW010,NW011,NA,NA,NW010,NA,Off platform,Sold finished,NA,NA,NA,NA,NA,NA,NA,NA,NA,NA,NA,NA,NA,NA,NA,NA,NA,NA,NA,NA,NA,NA,NA,NA,NA,NA
UK 362735 402275,NA,NA,NA,NA,NA,NA,NA,NA,NA,NA,NA,NA,NA,NA,NA,NA,NA,NA,NA,NA,NA,NA,NA,NA,NA,NA,NA,NA,NA,NA,NA,NA,NA,NA,NA,NA,NA,NA,NA,NA,NA,NA,Green Cattle Shed: Young Cattle,NA,NA,NA,NA,NA,NA,NA,NW006,NA,NW045,NW046,NA,NA,NW005,NWT401,NA,NA,NW006,NA,NA,NA,NW009,NW046,NA,NW006,NA,Off platform,Sold finished,NA,NA,NA,NA,NA,NA,NA,NA,NA,NA,NA,NA,NA,NA,NA
UK 362735 402282,NA,NA,NA,NA,NA,NA,NA,NA,NA,NA,NA,NA,NA,NA,NA,NA,NA,NA,NA,NA,NA,NA,NA,NA,NA,NA,NA,NA,NA,NA,NA,NA,NA,NA,NA,NA,NA,NA,NA,NA,NA,NA,Green Cattle Shed: Young Cattle,NA,NA,NA,NA,NA,NA,NA,NW006,NA,NW045,NW046,NA,NA,NW005,NWT401,NA,NA,NW006,NA,NA,NA,NW009,NW046,NA,NW006,NA,Off platform,Sold finished,NA,NA,NA,NA,NA,NA,NA,NA,NA,NA,NA,NA,NA,NA,NA
UK 362735 402310,NA,NA,NA,NA,NA,NA,NA,NA,NA,NA,NA,NA,NA,NA,NA,NA,NA,NA,NA,NA,NA,NA,NA,NA,NA,NA,NA,NA,NA,NA,NA,NA,NA,NA,NA,NA,NA,NA,NA,NA,NA,NA,NA,Green Cattle Shed: Young Cattle,NA,NA,NA,NA,NA,NA,NW006,NA,NW045,NW046,NA,NA,NW005,NWT401,NA,NA,NW006,NA,NA,NA,NW009,NW046,NA,NW006,NA,NA,NA,NA,NA,NA,Green Cattle Shed: Returning Cattle,NA,Sold finished,NA,NA,NA,NA,NA,NA,NA,NA,NA
UK 362735 501989,Green Cattle Shed: Young Cattle,NA,NW006,NA,NA,NA,NW046,NA,NA,NWT502,NW045,5,NA,NW006,NA,Green Cattle Shed: Returning Cattle,Off platform,Sold finished,NA,NA,NA,NA,NA,NA,NA,NA,NA,NA,NA,NA,NA,NA,NA,NA,NA,NA,NA,NA,NA,NA,NA,NA,NA,NA,NA,NA,NA,NA,NA,NA,NA,NA,NA,NA,NA,NA,NA,NA,NA,NA,NA,NA,NA,NA,NA,NA,NA,NA,NA,NA,NA,NA,NA,NA,NA,NA,NA,NA,NA,NA,NA,NA,NA,NA,NA,NA
UK 362735 502094,NA,NA,NA,NA,NA,NA,NA,NA,NA,NA,NA,NA,NA,NA,Blue Cattle Shed: Young Cattle,NA,NA,NA,NA,NA,NA,Sold finished,NA,NA,NA,NA,NA,NA,NA,NA,NA,NA,NA,NA,NA,NA,NA,NA,NA,NA,NA,NA,NA,NA,NA,NA,NA,NA,NA,NA,NA,NA,NA,NA,NA,NA,NA,NA,NA,NA,NA,NA,NA,NA,NA,NA,NA,NA,NA,NA,NA,NA,NA,NA,NA,NA,NA,NA,NA,NA,NA,NA,NA,NA,NA,NA
UK 362735 502108,NA,NA,NA,NA,NA,NA,NA,NA,NA,NA,NA,NA,NA,NA,Blue Cattle Shed: Young Cattle,NA,NA,NA,NA,NW010,NA,NA,NW011,8,NA,NA,NA,NW011,8,NA,NW013,NA,NA,NW012,NW013,NA,Off platform,Sold finished,NA,NA,NA,NA,NA,NA,NA,NA,NA,NA,NA,NA,NA,NA,NA,NA,NA,NA,NA,NA,NA,NA,NA,NA,NA,NA,NA,NA,NA,NA,NA,NA,NA,NA,NA,NA,NA,NA,NA,NA,NA,NA,NA,NA,NA,NA,NA,NA
UK 362735 502129,NA,NA,NA,NA,NA,NA,NA,NA,NA,NA,NA,NA,NA,NA,Blue Cattle Shed: Young Cattle,NA,NA,NA,NA,NW010,NA,NA,NW011,8,NA,NA,NA,NW011,8,NA,NW013,NA,NA,NW012,Off platform,Sold finished,NA,NA,NA,NA,NA,NA,NA,NA,NA,NA,NA,NA,NA,NA,NA,NA,NA,NA,NA,NA,NA,NA,NA,NA,NA,NA,NA,NA,NA,NA,NA,NA,NA,NA,NA,NA,NA,NA,NA,NA,NA,NA,NA,NA,NA,NA,NA,NA,NA,NA
UK 362735 502150,NA,NA,NA,NA,NA,NA,NA,NA,NA,NA,NA,NA,NA,NA,Blue Cattle Shed: Young Cattle,NA,NA,NA,NA,NW010,NA,NA,NW011,8,NA,NA,NA,NW010,8,NA,NW013,NA,NW012,NA,NW013,NA,Off platform,Sold finished,NA,NA,NA,NA,NA,NA,NA,NA,NA,NA,NA,NA,NA,NA,NA,NA,NA,NA,NA,NA,NA,NA,NA,NA,NA,NA,NA,NA,NA,NA,NA,NA,NA,NA,NA,NA,NA,NA,NA,NA,NA,NA,NA,NA,NA,NA,NA,NA
UK 362735 502157,NA,NA,NA,NA,NA,NA,NA,NA,NA,NA,NA,NA,NA,NA,Green Cattle Shed: Young Cattle,NA,NA,NA,NW046,NA,NW045,NA,NA,NWT503,5,NW045,5,NW006,NA,NW046,NW006,NA,NW009,NA,NW006,NA,NA,NA,NW045,NW046,NW006,NA,NA,NA,Green Cattle Shed: Returning Cattle,NA,NA,NA,Sold finished,NA,NA,NA,NA,NA,NA,NA,NA,NA,NA,NA,NA,NA,NA,NA,NA,NA,NA,NA,NA,NA,NA,NA,NA,NA,NA,NA,NA,NA,NA,NA,NA,NA,NA,NA,NA,NA
UK 362735 502178,NA,NA,NA,NA,NA,NA,NA,NA,NA,NA,NA,NA,NA,NA,Green Cattle Shed: Young Cattle,NA,NA,NA,NW046,NA,NW045,NA,NA,NWT503,5,NW045,5,NW045,NA,NW046,NW006,NA,NA,NW009,NW006,NA,NA,NA,NW045,NW046,Off platform,Sold finished,NA,NA,NA,NA,NA,NA,NA,NA,NA,NA,NA,NA,NA,NA,NA,NA,NA,NA,NA,NA,NA,NA,NA,NA,NA,NA,NA,NA,NA,NA,NA,NA,NA,NA,NA,NA,NA,NA,NA,NA,NA,NA,NA,NA
UK 362735 502213,NA,NA,NA,NA,NA,NA,NA,NA,NA,NA,NA,NA,NA,NA,NA,NA,NA,NA,NA,NA,NA,NA,NA,NA,NA,NA,NA,NA,NA,NA,NA,NA,NA,NA,NA,NA,NA,NA,NA,NA,NA,NA,NA,Green Cattle Shed: Young Cattle,NA,NA,NA,NA,NA,NA,NW006,NA,NW045,NW046,NA,NA,NW005,NWT401,NA,NA,NW006,NA,NA,NA,NW009,NW046,NA,NW006,NA,Off platform,Sold finished,NA,NA,NA,NA,NA,NA,NA,NA,NA,NA,NA,NA,NA,NA,NA
UK 362735 502227,NA,NA,NA,NA,NA,NA,NA,NA,NA,NA,NA,NA,NA,NA,NA,NA,NA,NA,NA,NA,NA,NA,NA,NA,NA,NA,NA,NA,NA,NA,NA,NA,NA,NA,NA,NA,NA,NA,NA,NA,NA,NA,NA,Green Cattle Shed: Young Cattle,NA,NA,NA,NA,NA,NA,NW006,NA,NW045,NW046,NA,NA,NW005,NWT401,NA,NA,NA,Off platform,Sold finished,NA,NA,NA,NA,NA,NA,NA,NA,NA,NA,NA,NA,NA,NA,NA,NA,NA,NA,NA,NA,NA,NA,NA
UK 362735 502255,NA,NA,NA,NA,NA,NA,NA,NA,NA,NA,NA,NA,NA,NA,NA,NA,NA,NA,NA,NA,NA,NA,NA,NA,NA,NA,NA,NA,NA,NA,NA,NA,NA,NA,NA,NA,NA,NA,NA,NA,NA,NA,Green Cattle Shed: Young Cattle,NA,NA,NA,NA,NA,NA,NA,NW006,NA,NW045,NW046,NA,NA,NW005,NWT401,NA,NA,NW006,NA,NA,NA,NW009,NW046,NA,NW006,NA,NA,NA,NA,NA,NA,Green Cattle Shed: Returning Cattle,Sold finished,NA,NA,NA,NA,NA,NA,NA,NA,NA,NA
UK 362735 502276,NA,NA,NA,NA,NA,NA,NA,NA,NA,NA,NA,NA,NA,NA,NA,NA,NA,NA,NA,NA,NA,NA,NA,NA,NA,NA,NA,NA,NA,NA,NA,NA,NA,NA,NA,NA,NA,NA,NA,NA,NA,NA,NA,Blue Cattle Shed: Young Cattle,NA,NA,NA,NA,NA,NA,NA,NW013,NW010,NW011,Off platform,Sold to NW farm,NA,NA,NA,NA,NA,NA,NA,NA,NA,NA,NA,NA,NA,NA,NA,NA,NA,NA,NA,NA,NA,NA,NA,NA,NA,NA,NA,NA,NA,NA
UK 362735 502283,NA,NA,NA,NA,NA,NA,NA,NA,NA,NA,NA,NA,NA,NA,NA,NA,NA,NA,NA,NA,NA,NA,NA,NA,NA,NA,NA,NA,NA,NA,NA,NA,NA,NA,NA,NA,NA,NA,NA,NA,NA,NA,Blue Cattle Shed: Young Cattle,NA,NA,NA,NA,NA,NA,NA,NA,NW013,NW010,NW011,NA,NA,NW010,NA,NA,NA,NA,NA,NA,NW011,NW012,NA,NW010,Off platform,Sold finished,NA,NA,NA,NA,NA,NA,NA,NA,NA,NA,NA,NA,NA,NA,NA,NA,NA
UK 362735 502304,NA,NA,NA,NA,NA,NA,NA,NA,NA,NA,NA,NA,NA,NA,NA,NA,NA,NA,NA,NA,NA,NA,NA,NA,NA,NA,NA,NA,NA,NA,NA,NA,NA,NA,NA,NA,NA,NA,NA,NA,NA,NA,Blue Cattle Shed: Young Cattle,NA,NA,NA,NA,NA,NA,NA,NA,NW013,NW010,NW011,NA,NA,NW010,NA,NA,NA,NA,NA,NA,NW011,NW012,NA,NW010,NA,NA,NA,NA,NW011,NA,NA,Blue Cattle Shed: Returning Cattle,Sold finished,NA,NA,NA,NA,NA,NA,NA,NA,NA,NA
UK 362735 502311,NA,NA,NA,NA,NA,NA,NA,NA,NA,NA,NA,NA,NA,NA,NA,NA,NA,NA,NA,NA,NA,NA,NA,NA,NA,NA,NA,NA,NA,NA,NA,NA,NA,NA,NA,NA,NA,NA,NA,NA,NA,NA,NA,Blue Cattle Shed: Young Cattle,NA,NA,NA,NA,NA,NA,NA,NW013,NW010,NW011,NA,NA,NW010,NA,Off platform,Sold finished,NA,NA,NA,NA,NA,NA,NA,NA,NA,NA,NA,NA,NA,NA,NA,NA,NA,NA,NA,NA,NA,NA,NA,NA,NA,NA
UK 362735 502318,NA,NA,NA,NA,NA,NA,NA,NA,NA,NA,NA,NA,NA,NA,NA,NA,NA,NA,NA,NA,NA,NA,NA,NA,NA,NA,NA,NA,NA,NA,NA,NA,NA,NA,NA,NA,NA,NA,NA,NA,NA,NA,NA,Green Cattle Shed: Young Cattle,NA,NA,NA,NA,NA,NA,NW006,NA,NW045,NW046,NA,NA,NW005,NWT401,NA,NA,NW006,NA,NA,NA,NW009,NW046,NA,NW006,NA,NA,NA,NA,Off platform,Sold finished,NA,NA,NA,NA,NA,NA,NA,NA,NA,NA,NA,NA
UK 362735 502325,NA,NA,NA,NA,NA,NA,NA,NA,NA,NA,NA,NA,NA,NA,NA,NA,NA,NA,NA,NA,NA,NA,NA,NA,NA,NA,NA,NA,NA,NA,NA,NA,NA,NA,NA,NA,NA,NA,NA,NA,NA,NA,NA,Blue Cattle Shed: Young Cattle,NA,NA,NA,NA,NA,NA,NA,NW013,NW010,NW011,NA,NA,NW010,NA,NA,NA,NA,Off platform,Sold finished,NA,NA,NA,NA,NA,NA,NA,NA,NA,NA,NA,NA,NA,NA,NA,NA,NA,NA,NA,NA,NA,NA,NA
UK 362735 502332,NA,NA,NA,NA,NA,NA,NA,NA,NA,NA,NA,NA,NA,NA,NA,NA,NA,NA,NA,NA,NA,NA,NA,NA,NA,NA,NA,NA,NA,NA,NA,NA,NA,NA,NA,NA,NA,NA,NA,NA,NA,NA,NA,Green Cattle Shed: Young Cattle,NA,NA,NA,NA,NA,NA,NW006,NA,NW045,NW046,NA,NA,NW005,NWT401,NA,NA,NW006,NA,NA,NA,NW009,NW046,NA,NW006,NA,NA,NA,NA,Off platform,Sold finished,NA,NA,NA,NA,NA,NA,NA,NA,NA,NA,NA,NA
UK 362735 601955,Green Cattle Shed: Young Cattle,NA,NW006,NA,NA,NA,NW046,NA,NA,NWT502,NW045,5,NA,NW006,NA,Green Cattle Shed: Returning Cattle,Sold finished,NA,NA,NA,NA,NA,NA,NA,NA,NA,NA,NA,NA,NA,NA,NA,NA,NA,NA,NA,NA,NA,NA,NA,NA,NA,NA,NA,NA,NA,NA,NA,NA,NA,NA,NA,NA,NA,NA,NA,NA,NA,NA,NA,NA,NA,NA,NA,NA,NA,NA,NA,NA,NA,NA,NA,NA,NA,NA,NA,NA,NA,NA,NA,NA,NA,NA,NA,NA,NA
UK 362735 602004,NA,Blue Cattle Shed: Young Cattle,NA,NW013,NW011,NW013,NW010,NWT801,8,NA,NA,NA,NW013,NA,NA,Blue Cattle Shed: Returning Cattle,Sold finished,NA,NA,NA,NA,NA,NA,NA,NA,NA,NA,NA,NA,NA,NA,NA,NA,NA,NA,NA,NA,NA,NA,NA,NA,NA,NA,NA,NA,NA,NA,NA,NA,NA,NA,NA,NA,NA,NA,NA,NA,NA,NA,NA,NA,NA,NA,NA,NA,NA,NA,NA,NA,NA,NA,NA,NA,NA,NA,NA,NA,NA,NA,NA,NA,NA,NA,NA,NA,NA
UK 362735 602060,NA,NA,NA,NA,NA,NA,NA,NA,NA,NA,NA,NA,NA,NA,Blue Cattle Shed: Young Cattle,NA,NA,NA,NA,NA,NA,Sold finished,NA,NA,NA,NA,NA,NA,NA,NA,NA,NA,NA,NA,NA,NA,NA,NA,NA,NA,NA,NA,NA,NA,NA,NA,NA,NA,NA,NA,NA,NA,NA,NA,NA,NA,NA,NA,NA,NA,NA,NA,NA,NA,NA,NA,NA,NA,NA,NA,NA,NA,NA,NA,NA,NA,NA,NA,NA,NA,NA,NA,NA,NA,NA,NA
UK 362735 602074,NA,NA,NA,NA,NA,NA,NA,NA,NA,NA,NA,NA,NA,NA,Blue Cattle Shed: Young Cattle,NA,NA,NA,NA,NW010,NA,NA,NW011,8,NA,NA,NA,NW011,8,NA,NW013,NA,NA,NW012,Off platform,Sold finished,NA,NA,NA,NA,NA,NA,NA,NA,NA,NA,NA,NA,NA,NA,NA,NA,NA,NA,NA,NA,NA,NA,NA,NA,NA,NA,NA,NA,NA,NA,NA,NA,NA,NA,NA,NA,NA,NA,NA,NA,NA,NA,NA,NA,NA,NA,NA,NA,NA,NA
UK 362735 602081,NA,NA,NA,NA,NA,NA,NA,NA,NA,NA,NA,NA,NA,NA,Green Cattle Shed: Young Cattle,NA,NA,NA,NW046,NA,NW045,NA,NA,NWT503,5,NW045,5,NW045,NA,NW046,NW006,NA,NA,NW009,NW006,NA,NA,NA,NW045,NW046,NW006,NA,NA,NA,Green Cattle Shed: Returning Cattle,Sold finished,NA,NA,NA,NA,NA,NA,NA,NA,NA,NA,NA,NA,NA,NA,NA,NA,NA,NA,NA,NA,NA,NA,NA,NA,NA,NA,NA,NA,NA,NA,NA,NA,NA,NA,NA,NA,NA,NA,NA,NA
UK 362735 602088,NA,NA,NA,NA,NA,NA,NA,NA,NA,NA,NA,NA,NA,NA,Green Cattle Shed: Young Cattle,NA,NA,NA,NW046,NA,NW045,NA,NA,NWT503,5,NW045,5,NW006,NA,NW046,NW006,NA,NW009,NA,NW006,NA,NA,NA,NW045,NW046,NW006,NA,NA,NA,Green Cattle Shed: Returning Cattle,NA,NA,NA,Sold finished,NA,NA,NA,NA,NA,NA,NA,NA,NA,NA,NA,NA,NA,NA,NA,NA,NA,NA,NA,NA,NA,NA,NA,NA,NA,NA,NA,NA,NA,NA,NA,NA,NA,NA,NA,NA,NA
UK 362735 602095,NA,NA,NA,NA,NA,NA,NA,NA,NA,NA,NA,NA,NA,NA,Green Cattle Shed: Young Cattle,NA,NA,NA,NW046,NA,NW045,NA,NA,NWT503,5,NW045,5,NW006,NA,NW046,NW006,NA,NW009,NA,NW006,NA,Off platform,Sold finished,NA,NA,NA,NA,NA,NA,NA,NA,NA,NA,NA,NA,NA,NA,NA,NA,NA,NA,NA,NA,NA,NA,NA,NA,NA,NA,NA,NA,NA,NA,NA,NA,NA,NA,NA,NA,NA,NA,NA,NA,NA,NA,NA,NA,NA,NA,NA,NA
UK 362735 602116,NA,NA,NA,NA,NA,NA,NA,NA,NA,NA,NA,NA,NA,NA,Green Cattle Shed: Young Cattle,NA,NA,NA,NW046,NA,NW045,NA,NA,NWT503,5,NW045,5,NW045,NA,NW046,NW006,NA,NA,NW009,NW006,NA,NA,NA,NW045,NW046,NW006,NA,NA,NA,Green Cattle Shed: Returning Cattle,Sold finished,NA,NA,NA,NA,NA,NA,NA,NA,NA,NA,NA,NA,NA,NA,NA,NA,NA,NA,NA,NA,NA,NA,NA,NA,NA,NA,NA,NA,NA,NA,NA,NA,NA,NA,NA,NA,NA,NA,NA,NA
UK 362735 602130,NA,NA,NA,NA,NA,NA,NA,NA,NA,NA,NA,NA,NA,NA,Blue Cattle Shed: Young Cattle,NA,NA,NA,NA,NW010,NA,NA,NW011,8,NA,NA,NA,NW011,8,NA,NW013,NA,NA,NW012,Off platform,Sold finished,NA,NA,NA,NA,NA,NA,NA,NA,NA,NA,NA,NA,NA,NA,NA,NA,NA,NA,NA,NA,NA,NA,NA,NA,NA,NA,NA,NA,NA,NA,NA,NA,NA,NA,NA,NA,NA,NA,NA,NA,NA,NA,NA,NA,NA,NA,NA,NA,NA,NA
UK 362735 602137,NA,NA,NA,NA,NA,NA,NA,NA,NA,NA,NA,NA,NA,NA,Blue Cattle Shed: Young Cattle,NA,NA,NA,NA,NW010,NA,NA,NW011,8,NA,NA,NA,NW011,8,NA,NW013,NA,NA,NW012,NW013,NA,NA,NA,NA,NA,Off platform,Sold finished,NA,NA,NA,NA,NA,NA,NA,NA,NA,NA,NA,NA,NA,NA,NA,NA,NA,NA,NA,NA,NA,NA,NA,NA,NA,NA,NA,NA,NA,NA,NA,NA,NA,NA,NA,NA,NA,NA,NA,NA,NA,NA,NA,NA
UK 362735 602144,NA,NA,NA,NA,NA,NA,NA,NA,NA,NA,NA,NA,NA,NA,Green Cattle Shed: Young Cattle,NA,NA,NA,NW046,NA,NW045,NA,NA,NWT503,5,NW045,5,NW045,NA,NW046,NW006,NA,NA,NW009,NW006,NA,NA,NA,NW045,NW046,NW006,NA,NA,NA,Green Cattle Shed: Returning Cattle,Sold finished,NA,NA,NA,NA,NA,NA,NA,NA,NA,NA,NA,NA,NA,NA,NA,NA,NA,NA,NA,NA,NA,NA,NA,NA,NA,NA,NA,NA,NA,NA,NA,NA,NA,NA,NA,NA,NA,NA,NA,NA
UK 362735 602151,NA,NA,NA,NA,NA,NA,NA,NA,NA,NA,NA,NA,NA,NA,Blue Cattle Shed: Young Cattle,NA,NA,NA,NA,NW010,NA,NA,NW011,8,NA,NA,NA,NW010,8,NA,NW013,NA,NW012,NA,Off platform,Sold finished,NA,NA,NA,NA,NA,NA,NA,NA,NA,NA,NA,NA,NA,NA,NA,NA,NA,NA,NA,NA,NA,NA,NA,NA,NA,NA,NA,NA,NA,NA,NA,NA,NA,NA,NA,NA,NA,NA,NA,NA,NA,NA,NA,NA,NA,NA,NA,NA,NA,NA
UK 362735 602158,NA,NA,NA,NA,NA,NA,NA,NA,NA,NA,NA,NA,NA,NA,Blue Cattle Shed: Young Cattle,NA,NA,NA,NA,NW010,NA,NA,NW011,8,NA,NA,NA,NW010,8,NA,NW013,NA,NW012,NA,NW013,NA,NA,NA,NA,NA,NW010,NA,NW011,NA,NA,NA,Off platform,Sold finished,NA,NA,NA,NA,NA,NA,NA,NA,NA,NA,NA,NA,NA,NA,NA,NA,NA,NA,NA,NA,NA,NA,NA,NA,NA,NA,NA,NA,NA,NA,NA,NA,NA,NA,NA,NA,NA,NA
UK 362735 602165,NA,NA,NA,NA,NA,NA,NA,NA,NA,NA,NA,NA,NA,NA,Green Cattle Shed: Young Cattle,NA,NA,NA,NW046,NA,NW045,NA,NA,NWT503,5,NW045,5,NW006,NA,NW046,NW006,NA,NW009,NA,NW006,NA,NA,NA,NW045,NW046,NW006,NA,NA,NA,Green Cattle Shed: Returning Cattle,Sold finished,NA,NA,NA,NA,NA,NA,NA,NA,NA,NA,NA,NA,NA,NA,NA,NA,NA,NA,NA,NA,NA,NA,NA,NA,NA,NA,NA,NA,NA,NA,NA,NA,NA,NA,NA,NA,NA,NA,NA,NA
UK 362735 602179,NA,NA,NA,NA,NA,NA,NA,NA,NA,NA,NA,NA,NA,NA,Blue Cattle Shed: Young Cattle,NA,NA,NA,NA,NW010,NA,NA,NW011,8,NA,NA,NA,NW011,8,NA,NW013,NA,NA,NW012,NW013,NA,NA,NA,NA,NA,NW010,NA,NW011,NA,NA,NA,Off platform,Sold finished,NA,NA,NA,NA,NA,NA,NA,NA,NA,NA,NA,NA,NA,NA,NA,NA,NA,NA,NA,NA,NA,NA,NA,NA,NA,NA,NA,NA,NA,NA,NA,NA,NA,NA,NA,NA,NA,NA
UK 362735 602186,NA,NA,NA,NA,NA,NA,NA,NA,NA,NA,NA,NA,NA,NA,Blue Cattle Shed: Young Cattle,NA,NA,NA,NA,NA,NA,Sold finished,NA,NA,NA,NA,NA,NA,NA,NA,NA,NA,NA,NA,NA,NA,NA,NA,NA,NA,NA,NA,NA,NA,NA,NA,NA,NA,NA,NA,NA,NA,NA,NA,NA,NA,NA,NA,NA,NA,NA,NA,NA,NA,NA,NA,NA,NA,NA,NA,NA,NA,NA,NA,NA,NA,NA,NA,NA,NA,NA,NA,NA,NA,NA,NA
UK 362735 602214,NA,NA,NA,NA,NA,NA,NA,NA,NA,NA,NA,NA,NA,NA,NA,NA,NA,NA,NA,NA,NA,NA,NA,NA,NA,NA,NA,NA,NA,NA,NA,NA,NA,NA,NA,NA,NA,NA,NA,NA,NA,NA,NA,Green Cattle Shed: Young Cattle,NA,NA,NA,NA,NA,NA,NW006,NA,NW045,NW046,NA,NA,NW005,NWT401,NA,NA,NW006,NA,NA,NA,NW009,NW046,NA,NW006,NA,NA,NA,NA,Off platform,Sold finished,NA,NA,NA,NA,NA,NA,NA,NA,NA,NA,NA,NA
UK 362735 602235,NA,NA,NA,NA,NA,NA,NA,NA,NA,NA,NA,NA,NA,NA,NA,NA,NA,NA,NA,NA,NA,NA,NA,NA,NA,NA,NA,NA,NA,NA,NA,NA,NA,NA,NA,NA,NA,NA,NA,NA,NA,NA,NA,Blue Cattle Shed: Young Cattle,NA,NA,NA,NA,NA,NA,NA,NW013,NW010,NW011,NA,NA,NW010,NA,NA,NA,NA,NA,NA,NW011,NW012,NA,NW010,Off platform,Sold finished,NA,NA,NA,NA,NA,NA,NA,NA,NA,NA,NA,NA,NA,NA,NA,NA,NA
UK 362735 602256,NA,NA,NA,NA,NA,NA,NA,NA,NA,NA,NA,NA,NA,NA,NA,NA,NA,NA,NA,NA,NA,NA,NA,NA,NA,NA,NA,NA,NA,NA,NA,NA,NA,NA,NA,NA,NA,NA,NA,NA,NA,NA,NA,Blue Cattle Shed: Young Cattle,NA,NA,NA,NA,NA,NA,NA,NW013,NW010,NW011,NA,NA,NW010,NA,NA,NA,NA,NA,NA,NW011,NW012,NA,NW010,Off platform,Sold finished,NA,NA,NA,NA,NA,NA,NA,NA,NA,NA,NA,NA,NA,NA,NA,NA,NA
UK 362735 602263,NA,NA,NA,NA,NA,NA,NA,NA,NA,NA,NA,NA,NA,NA,NA,NA,NA,NA,NA,NA,NA,NA,NA,NA,NA,NA,NA,NA,NA,NA,NA,NA,NA,NA,NA,NA,NA,NA,NA,NA,NA,NA,Green Cattle Shed: Young Cattle,NA,NA,NA,NA,NA,NA,NA,NW006,NA,NW045,NW046,NA,NA,NW005,NWT401,NA,NA,NW006,NA,NA,NA,NW009,NW046,NA,NW006,NA,Off platform,Sold finished,NA,NA,NA,NA,NA,NA,NA,NA,NA,NA,NA,NA,NA,NA,NA
UK 362735 602270,NA,NA,NA,NA,NA,NA,NA,NA,NA,NA,NA,NA,NA,NA,NA,NA,NA,NA,NA,NA,NA,NA,NA,NA,NA,NA,NA,NA,NA,NA,NA,NA,NA,NA,NA,NA,NA,NA,NA,NA,NA,NA,NA,Green Cattle Shed: Young Cattle,NA,NA,NA,NA,NA,NA,NW006,NA,NW045,NW046,NA,NA,NW005,NWT401,NA,NA,NW006,NA,NA,NA,NW009,NW046,NA,NW006,NA,NA,NA,NA,NA,NA,Green Cattle Shed: Returning Cattle,NA,Sold finished,NA,NA,NA,NA,NA,NA,NA,NA,NA
UK 362735 602284,NA,NA,NA,NA,NA,NA,NA,NA,NA,NA,NA,NA,NA,NA,NA,NA,NA,NA,NA,NA,NA,NA,NA,NA,NA,NA,NA,NA,NA,NA,NA,NA,NA,NA,NA,NA,NA,NA,NA,NA,NA,NA,NA,Green Cattle Shed: Young Cattle,NA,NA,NA,NA,NA,NA,NW006,NA,NW045,NW046,NA,NA,NW005,NWT401,NA,NA,NW006,NA,NA,NA,NW009,NW046,NA,NW006,NA,Off platform,Sold finished,NA,NA,NA,NA,NA,NA,NA,NA,NA,NA,NA,NA,NA,NA,NA
UK 362735 602298,NA,NA,NA,NA,NA,NA,NA,NA,NA,NA,NA,NA,NA,NA,NA,NA,NA,NA,NA,NA,NA,NA,NA,NA,NA,NA,NA,NA,NA,NA,NA,NA,NA,NA,NA,NA,NA,NA,NA,NA,NA,NA,Blue Cattle Shed: Young Cattle,NA,NA,NA,NA,NA,NA,NA,NA,NW013,NW010,NW011,NA,NA,NW010,NA,NA,NA,NA,NA,NA,NW011,NW012,NA,NW010,NA,NA,NA,NA,NW011,Off platform,Sold finished,NA,NA,NA,NA,NA,NA,NA,NA,NA,NA,NA,NA
UK 362735 602326,NA,NA,NA,NA,NA,NA,NA,NA,NA,NA,NA,NA,NA,NA,NA,NA,NA,NA,NA,NA,NA,NA,NA,NA,NA,NA,NA,NA,NA,NA,NA,NA,NA,NA,NA,NA,NA,NA,NA,NA,NA,NA,Blue Cattle Shed: Young Cattle,NA,NA,NA,NA,NA,NA,NA,NA,NW013,NW010,NW011,NA,NA,NW010,NA,NA,NA,NA,NA,NA,NW011,NW012,NA,NW010,NA,NA,NA,NA,NW011,Off platform,Sold finished,NA,NA,NA,NA,NA,NA,NA,NA,NA,NA,NA,NA
UK 362735 702033,NA,Green Cattle Shed: Young Cattle,NW006,NA,NA,NA,NW046,NA,NA,NWT502,NW045,5,NA,NW006,NA,Green Cattle Shed: Returning Cattle,Off platform,Sold finished,NA,NA,NA,NA,NA,NA,NA,NA,NA,NA,NA,NA,NA,NA,NA,NA,NA,NA,NA,NA,NA,NA,NA,NA,NA,NA,NA,NA,NA,NA,NA,NA,NA,NA,NA,NA,NA,NA,NA,NA,NA,NA,NA,NA,NA,NA,NA,NA,NA,NA,NA,NA,NA,NA,NA,NA,NA,NA,NA,NA,NA,NA,NA,NA,NA,NA,NA,NA
UK 362735 702131,NA,NA,NA,NA,NA,NA,NA,NA,NA,NA,NA,NA,NA,NA,Blue Cattle Shed: Young Cattle,NA,NA,NA,NA,NW010,NA,NA,NW011,8,NA,NA,NA,NW010,8,NA,NW013,NA,NW012,NA,NW013,NA,NA,NA,NA,NA,Off platform,Sold finished,NA,NA,NA,NA,NA,NA,NA,NA,NA,NA,NA,NA,NA,NA,NA,NA,NA,NA,NA,NA,NA,NA,NA,NA,NA,NA,NA,NA,NA,NA,NA,NA,NA,NA,NA,NA,NA,NA,NA,NA,NA,NA,NA,NA
UK 362735 702159,NA,NA,NA,NA,NA,NA,NA,NA,NA,NA,NA,NA,NA,NA,Blue Cattle Shed: Young Cattle,NA,NA,NA,NA,NW010,NA,NA,NW011,8,NA,NA,NA,NW011,8,NA,NW013,NA,NA,NW012,NW013,NA,Off platform,Sold finished,NA,NA,NA,NA,NA,NA,NA,NA,NA,NA,NA,NA,NA,NA,NA,NA,NA,NA,NA,NA,NA,NA,NA,NA,NA,NA,NA,NA,NA,NA,NA,NA,NA,NA,NA,NA,NA,NA,NA,NA,NA,NA,NA,NA,NA,NA,NA,NA
UK 362735 702166,NA,NA,NA,NA,NA,NA,NA,NA,NA,NA,NA,NA,NA,NA,Blue Cattle Shed: Young Cattle,NA,NA,NA,NA,NW010,NA,NA,NW011,8,NA,NA,NA,NW010,8,NA,NW013,NA,NW012,NA,Off platform,Sold finished,NA,NA,NA,NA,NA,NA,NA,NA,NA,NA,NA,NA,NA,NA,NA,NA,NA,NA,NA,NA,NA,NA,NA,NA,NA,NA,NA,NA,NA,NA,NA,NA,NA,NA,NA,NA,NA,NA,NA,NA,NA,NA,NA,NA,NA,NA,NA,NA,NA,NA
UK 362735 702187,NA,NA,NA,NA,NA,NA,NA,NA,NA,NA,NA,NA,NA,NA,Green Cattle Shed: Young Cattle,NA,NA,NA,NW046,NA,NW045,NA,NA,NWT503,5,NW045,5,NW006,NA,NW046,NW006,NA,NW009,NA,NW006,NA,NA,NA,NW045,NW046,NW006,NA,NA,NA,Green Cattle Shed: Returning Cattle,NA,NA,NA,NA,Sold finished,NA,NA,NA,NA,NA,NA,NA,NA,NA,NA,NA,NA,NA,NA,NA,NA,NA,NA,NA,NA,NA,NA,NA,NA,NA,NA,NA,NA,NA,NA,NA,NA,NA,NA,NA,NA
UK 362735 702194,NA,NA,NA,NA,NA,NA,NA,NA,NA,NA,NA,NA,NA,NA,Green Cattle Shed: Young Cattle,NA,NA,NA,NW046,NA,NW045,NA,NA,NWT503,5,NW045,5,NW045,NA,NW046,NW006,NA,NA,NW009,NW006,NA,NA,NA,NW045,NW046,Off platform,Sold finished,NA,NA,NA,NA,NA,NA,NA,NA,NA,NA,NA,NA,NA,NA,NA,NA,NA,NA,NA,NA,NA,NA,NA,NA,NA,NA,NA,NA,NA,NA,NA,NA,NA,NA,NA,NA,NA,NA,NA,NA,NA,NA,NA,NA
UK 362735 702215,NA,NA,NA,NA,NA,NA,NA,NA,NA,NA,NA,NA,NA,NA,NA,NA,NA,NA,NA,NA,NA,NA,NA,NA,NA,NA,NA,NA,NA,NA,NA,NA,NA,NA,NA,NA,NA,NA,NA,NA,NA,NA,NA,Blue Cattle Shed: Young Cattle,NA,NA,NA,NA,NA,NA,NA,NW013,NW010,NW011,NA,NA,NW010,NA,NA,NA,NA,NA,NA,NW011,NW012,NA,NW010,Off platform,Sold finished,NA,NA,NA,NA,NA,NA,NA,NA,NA,NA,NA,NA,NA,NA,NA,NA,NA
UK 362735 702243,NA,NA,NA,NA,NA,NA,NA,NA,NA,NA,NA,NA,NA,NA,NA,NA,NA,NA,NA,NA,NA,NA,NA,NA,NA,NA,NA,NA,NA,NA,NA,NA,NA,NA,NA,NA,NA,NA,NA,NA,NA,NA,Blue Cattle Shed: Young Cattle,NA,NA,NA,NA,NA,NA,NA,NA,NW013,NW010,NW011,NA,NA,NW010,NA,NA,NA,NA,NA,NA,NW011,NW012,NA,NW010,NA,NA,NA,NA,NW011,Off platform,Sold finished,NA,NA,NA,NA,NA,NA,NA,NA,NA,NA,NA,NA
UK 362735 702257,NA,NA,NA,NA,NA,NA,NA,NA,NA,NA,NA,NA,NA,NA,NA,NA,NA,NA,NA,NA,NA,NA,NA,NA,NA,NA,NA,NA,NA,NA,NA,NA,NA,NA,NA,NA,NA,NA,NA,NA,NA,NA,Blue Cattle Shed: Young Cattle,NA,NA,NA,NA,NA,NA,NA,NA,NW013,NW010,NW011,NA,NA,NW010,NA,NA,NA,NA,NA,NA,NW011,NW012,NA,NW010,NA,NA,NA,NA,NW011,NA,NA,Blue Cattle Shed: Returning Cattle,Sold finished,NA,NA,NA,NA,NA,NA,NA,NA,NA,NA
UK 362735 702264,NA,NA,NA,NA,NA,NA,NA,NA,NA,NA,NA,NA,NA,NA,NA,NA,NA,NA,NA,NA,NA,NA,NA,NA,NA,NA,NA,NA,NA,NA,NA,NA,NA,NA,NA,NA,NA,NA,NA,NA,NA,NA,Blue Cattle Shed: Young Cattle,NA,NA,NA,NA,NA,NA,NA,NA,NW013,NW010,NW011,NA,NA,NW010,NA,NA,NA,NA,Off platform,Sold finished,NA,NA,NA,NA,NA,NA,NA,NA,NA,NA,NA,NA,NA,NA,NA,NA,NA,NA,NA,NA,NA,NA,NA
UK 362735 702278,NA,NA,NA,NA,NA,NA,NA,NA,NA,NA,NA,NA,NA,NA,NA,NA,NA,NA,NA,NA,NA,NA,NA,NA,NA,NA,NA,NA,NA,NA,NA,NA,NA,NA,NA,NA,NA,NA,NA,NA,NA,NA,NA,Green Cattle Shed: Young Cattle,NA,NA,NA,NA,NA,NA,NW006,NA,NW045,NW046,NA,NA,NW005,NWT401,NA,NA,NW006,NA,NA,NA,NW009,NW046,NA,NW006,NA,Off platform,Sold finished,NA,NA,NA,NA,NA,NA,NA,NA,NA,NA,NA,NA,NA,NA,NA
UK 362735 702292,NA,NA,NA,NA,NA,NA,NA,NA,NA,NA,NA,NA,NA,NA,NA,NA,NA,NA,NA,NA,NA,NA,NA,NA,NA,NA,NA,NA,NA,NA,NA,NA,NA,NA,NA,NA,NA,NA,NA,NA,NA,NA,NA,Green Cattle Shed: Young Cattle,NA,NA,NA,NA,NA,NA,NW006,NA,NW045,NW046,NA,NA,NW005,NWT401,NA,NA,NW006,NA,NA,NA,NW009,NW046,NA,NW006,NA,NA,NA,NA,NA,NA,Green Cattle Shed: Returning Cattle,NA,NA,NW045,NW046,NW009,NW006,Sold finished,NA,NA,NA,NA
UK 362735 702306,NA,NA,NA,NA,NA,NA,NA,NA,NA,NA,NA,NA,NA,NA,NA,NA,NA,NA,NA,NA,NA,NA,NA,NA,NA,NA,NA,NA,NA,NA,NA,NA,NA,NA,NA,NA,NA,NA,NA,NA,NA,NA,Green Cattle Shed: Young Cattle,NA,NA,NA,NA,NA,NA,NA,NW006,NA,NW045,NW046,NA,NA,NW005,NWT401,NA,NA,NW006,NA,NA,NA,NW009,NW046,NA,NW006,NA,Off platform,Sold finished,NA,NA,NA,NA,NA,NA,NA,NA,NA,NA,NA,NA,NA,NA,NA
UK 362735 702327,NA,NA,NA,NA,NA,NA,NA,NA,NA,NA,NA,NA,NA,NA,NA,NA,NA,NA,NA,NA,NA,NA,NA,NA,NA,NA,NA,NA,NA,NA,NA,NA,NA,NA,NA,NA,NA,NA,NA,NA,NA,NA,NA,Blue Cattle Shed: Young Cattle,NA,NA,NA,NA,NA,NA,NA,NW013,NW010,NW011,NA,NA,NW010,NA,Off platform,Sold finished,NA,NA,NA,NA,NA,NA,NA,NA,NA,NA,NA,NA,NA,NA,NA,NA,NA,NA,NA,NA,NA,NA,NA,NA,NA,NA
