Name,Field,Field Name,Farmlet,Method,Feed_Category,Sampling_Date,%dry_matter,%crude_protein,%WSC,%lipids,%NDF,%ADF,%MADF,%ADL,ME_MJ_per_kg_DM,%Ash,%Acetate,%Propionate,%Butyrate,%Lactate,%Ammonia_from_total_N,Additional Analysis
Red 30/04/2015 Great Field  Pasture,NW002,Great Field,Red,Grazing,Pasture,30/04/2015 00:00:00,,16.7,24.85,,33.18,16.59,18.19,,12.84,6.96,,,,,,
Green 30/04/2015 Orchard  Dean  Pasture,NW008,Orchard Dean,Green,Grazing,Pasture,30/04/2015 00:00:00,,20.1,16.82,,36.9,16.11,18.34,,12.81,7.67,,,,,,
Blue 1 30/04/2015 Higher & Middle Wyke Moor  Pasture,NW010,Higher Wyke Moor,Blue,Grazing,Pasture,30/04/2015 00:00:00,,19.33,21,,25.29,14.04,16.08,,13.23,7.37,,,,,,
Blue 2 30/04/2015 Higher & Middle Wyke Moor  Pasture,NW011,Middle Wyke Moor,Blue,Grazing,Pasture,30/04/2015 00:00:00,,19.33,21,,25.29,14.04,16.08,,13.23,7.37,,,,,,
Red 13/05/2015 Great Field  Pasture,NW002,Great Field,Red,Grazing,Pasture,13/05/2015 00:00:00,,18.74,18.71,,36.09,17.9,19.68,,12.56,7.72,,,,,,
Green 13/05/2015 Orchard  Dean  Pasture,NW008,Orchard Dean,Green,Grazing,Pasture,13/05/2015 00:00:00,,21.94,15.33,,37.44,16.6,18.45,,12.79,7.97,,,,,,
Blue 1 13/05/2015 Higher & Middle Wyke Moor  Pasture,NW010,Higher Wyke Moor,Blue,Grazing,Pasture,13/05/2015 00:00:00,,19.46,17.14,,31.16,16.71,18.52,,12.77,7.59,,,,,,
Blue 2 13/05/2015 Higher & Middle Wyke Moor  Pasture,NW011,Middle Wyke Moor,Blue,Grazing,Pasture,13/05/2015 00:00:00,,19.46,17.14,,31.16,16.71,18.52,,12.77,7.59,,,,,,
Red 27/05/2015 Great Field  Pasture,NW002,Great Field,Red,Grazing,Pasture,27/05/2015 00:00:00,,15.18,21.3,,38.16,20.16,21.93,,12.14,7.44,,,,,,
Green 27/05/2015 Orchard  Dean  Pasture,NW008,Orchard Dean,Green,Grazing,Pasture,27/05/2015 00:00:00,,19.45,15.3,,37.08,18.04,19.9,,12.52,8.11,,,,,,
Blue 27/05/2015 Higher Wyke Moor  Pasture,NW010,Higher Wyke Moor,Blue,Grazing,Pasture,27/05/2015 00:00:00,,17.8,17.68,,28.64,16.92,18.5,,12.78,7.66,,,,,,
Red 11/06/2015 Great Field  Pasture,NW002,Great Field,Red,Grazing,Pasture,11/06/2015 00:00:00,,15.55,20.62,,38.87,19.07,21.18,,12.28,7.5,,,,,,
Green 11/06/2015 Orchard  Dean  Pasture,NW008,Orchard Dean,Green,Grazing,Pasture,11/06/2015 00:00:00,,19.07,15.33,,40.17,18.95,20.15,,12.47,8.23,,,,,,
Blue 11/06/2015 Higher Wyke Moor  Pasture,NW010,Higher Wyke Moor,Blue,Grazing,Pasture,11/06/2015 00:00:00,,16,15.51,,33.76,19.98,22.24,,12.09,8.31,,,,,,
Red 26/06/2015 Great Field  Pasture,NW002,Great Field,Red,Grazing,Pasture,26/06/2015 00:00:00,,20.3,15.28,,42.24,21.35,23.49,,11.85,8.67,,,,,,
Green 26/06/2015 Orchard  Dean  Pasture,NW008,Orchard Dean,Green,Grazing,Pasture,26/06/2015 00:00:00,,22.22,11.56,,39.95,19.15,20.98,,12.32,8.65,,,,,,
Blue 26/06/2015 Middle Wyke Moor Pasture,NW011,Middle Wyke Moor,Blue,Grazing,Pasture,26/06/2015 00:00:00,,19.74,14.17,,35.85,18.65,21.84,,12.16,7.51,,,,,,
Red 09/07/2015 Great Field  Pasture,NW002,Great Field,Red,Grazing,Pasture,09/07/2015 00:00:00,,17.67,16.51,,38.52,19.63,21.34,,12.25,7.92,,,,,,
Green 09/07/2015 Burrows Pasture,NW006,Burrows,Green,Grazing,Pasture,09/07/2015 00:00:00,,19.05,11.66,,41.82,18.15,20.06,,12.49,8.96,,,,,,
Blue 09/07/2015 Dairy South Pasture,NW013,Dairy South,Blue,Grazing,Pasture,09/07/2015 00:00:00,,16.17,17.69,,33.48,19.33,21.01,,12.31,9.3,,,,,,
Blue 28/07/2015 Higher Wyke Moor  Pasture,NW010,Higher Wyke Moor,Blue,Grazing,Pasture,28/07/2015 00:00:00,,25.12,11.78,,26.09,15.47,18.53,,12.77,7.88,,,,,,
Green 28/07/2015 Burrows Pasture,NW006,Burrows,Green,Grazing,Pasture,28/07/2015 00:00:00,,20.06,14.06,,38.48,21.49,24.23,,11.72,8.42,,,,,,
Red 28/07/2015 Poor Field Pasture,NW003,Poor Field,Red,Grazing,Pasture,28/07/2015 00:00:00,,15.18,17.58,,42.13,22.35,24.85,,11.6,8.05,,,,,,
Blue 14/08/2015 Higher Wyke Moor  Pasture,NW010,Higher Wyke Moor,Blue,Grazing,Pasture,14/08/2015 00:00:00,,24.33,5.08,,34.85,24.72,27.95,,11.03,8.72,,,,,,
Red 14/08/2015 Poor Field Pasture,NW003,Poor Field,Red,Grazing,Pasture,14/08/2015 00:00:00,,19.57,9.02,,48.76,24.85,27.35,,11.14,8.72,,,,,,
Green 27/08/2015 Orchard  Dean (South) Pasture,NW046,Orchard Dean South,Green,Grazing,Pasture,27/08/2015 00:00:00,,22.73,8.83,,42.68,22.03,25.49,,11.48,8.62,,,,,,
Red 27/08/2015 Great Field  Pasture,NW002,Great Field,Red,Grazing,Pasture,27/08/2015 00:00:00,,17.15,13.93,,44.53,22.53,24.65,,11.64,8.22,,,,,,
Green 27/08/2015 Orchard Dean (North) Pasture,NW045,Orchard Dean North,Green,Grazing,Pasture,27/08/2015 00:00:00,,22.23,6.27,,44.33,24.38,25.85,,11.42,8.66,,,,,,
Blue 27/08/2015 Dairy South Pasture,NW013,Dairy South,Blue,Grazing,Pasture,27/08/2015 00:00:00,,22.48,6.95,,39.81,21.37,25.14,,11.55,10.32,,,,,,
Red 24/09/2015 Great Field  Pasture,NW002,Great Field,Red,Grazing,Pasture,24/09/2015 00:00:00,,17.12,16.47,,40.64,20.86,23.55,,11.84,8.79,,,,,,
Green 24/09/2015 Burrows Pasture,NW006,Burrows,Green,Grazing,Pasture,24/09/2015 00:00:00,,21.86,13.77,,36.16,17.85,21.29,,12.26,8.55,,,,,,
Blue 24/09/2015 Dairy South Pasture,NW013,Dairy South,Blue,Grazing,Pasture,24/09/2015 00:00:00,,22.7,11.7,,35.32,20.1,23.31,,11.89,9.87,,,,,,
Blue 07/10/2015  Middle Wyke Moor  Pasture,NW011,Middle Wyke Moor,Blue,Grazing,Pasture,07/10/2015 00:00:00,,18.2,16.36,,38.17,21.16,24.78,,11.62,9.75,,,,,,
Green 07/10/2015 Orchard Dean (North) Pasture,NW045,Orchard Dean North,Green,Grazing,Pasture,07/10/2015 00:00:00,,20.17,15.07,,39.22,19.03,21.88,,12.15,8.62,,,,,,
Green 07/10/2015 Golden Rove  Pasture,NW009,Golden Rove,Green,Grazing,Pasture,07/10/2015 00:00:00,,20.01,13.58,,46.56,21.93,24.34,,11.7,7.92,,,,,,
Red 07/10/2015 Great Field  Pasture,NW002,Great Field,Red,Grazing,Pasture,07/10/2015 00:00:00,,18.33,18.42,,42.17,21.02,20.31,,12.44,9.14,,,,,,
Green 07/10/2015 Burrows Pasture,NW006,Burrows,Green,Grazing,Pasture,07/10/2015 00:00:00,,20.27,15.17,,39.01,18.63,22.06,,12.12,9.07,,,,,,
Green 14/08/2015 Burrows Pasture,NW006,Burrows,Green,Grazing,Pasture,14/08/2015 00:00:00,,20.89,12.16,,39.07,18.71,21.56,,12.21,9.5,,,,,,
Green 26/10/2015 Clamp Pasture silage,Green Cattle Shed,Green Cattle Shed,Green,Clamp,Silage,26/10/2015 00:00:00,28.74,8.45,2.43,,59.49,34.71,36.99,3.66,9.82,6.64,,,,,,
Red 26/10/2015 Clamp Pasture silage,Red Cattle Shed,Red Cattle Shed,Red,Clamp,Silage,26/10/2015 00:00:00,27.32,12.26,1.99,,52.24,30.24,32.39,3.61,10.47,7.63,,,,,,
Blue 26/10/2015 Clamp Pasture silage,Blue Cattle Shed,Blue Cattle Shed,Blue,Clamp,Silage,26/10/2015 00:00:00,23.07,11.77,0.92,,55.91,33.23,35.92,4.65,9.97,8.63,,,,,,
Green 02/11/2015 Clamp Pasture silage,Green Cattle Shed,Green Cattle Shed,Green,Clamp,Silage,02/11/2015 00:00:00,28.27,12.02,2.41,,51.93,29.59,32.19,3.23,10.49,7.53,,,,,,
Red 02/11/2015 Clamp Pasture silage,Red Cattle Shed,Red Cattle Shed,Red,Clamp,Silage,02/11/2015 00:00:00,24.19,11.78,1.24,,52.57,32.61,35.42,3.73,10.04,8.17,,,,,,
Blue 02/11/2015 Clamp Pasture silage,Blue Cattle Shed,Blue Cattle Shed,Blue,Clamp,Silage,02/11/2015 00:00:00,29.93,8.76,3.42,,55.95,32.71,35.21,3.45,10.07,6.79,,,,,,
Green 09/11/2015 Clamp Pasture silage,Green Cattle Shed,Green Cattle Shed,Green,Clamp,Silage,09/11/2015 00:00:00,28.1,12.72,2.15,,57.15,30.28,32.04,3.53,10.51,7.32,,,,,,
Red 09/11/2015 Clamp Pasture silage,Red Cattle Shed,Red Cattle Shed,Red,Clamp,Silage,09/11/2015 00:00:00,24.37,12.01,1.41,,55.55,32.55,34.57,3.96,10.16,7.94,,,,,,
Blue 09/11/2015 Clamp Pasture silage,Blue Cattle Shed,Blue Cattle Shed,Blue,Clamp,Silage,09/11/2015 00:00:00,30.98,8.22,3.57,,56.77,33.54,35.41,3.96,10.04,6.75,,,,,,
Green 16/11/2015 Clamp Pasture silage,Green Cattle Shed,Green Cattle Shed,Green,Clamp,Silage,16/11/2015 00:00:00,28.31,12.06,2.26,,52.19,28.55,32.12,3.51,10.5,7.47,,,,,,
Red 16/11/2015 Clamp Pasture silage,Red Cattle Shed,Red Cattle Shed,Red,Clamp,Silage,16/11/2015 00:00:00,23.68,11.77,1.15,,56.44,33.08,36.07,3.2,9.95,7.96,,,,,,
Blue 16/11/2015 Clamp Pasture silage,Blue Cattle Shed,Blue Cattle Shed,Blue,Clamp,Silage,16/11/2015 00:00:00,29.44,8.82,3.04,,56.85,33.08,35.53,3.44,10.03,7.11,,,,,,
Green 23/11/2015 Clamp Pasture silage,Green Cattle Shed,Green Cattle Shed,Green,Clamp,Silage,23/11/2015 00:00:00,27.33,11.97,2.29,,53.43,31,33.66,3.5,10.29,7.84,,,,,,
Red 23/11/2015 Clamp Pasture silage,Red Cattle Shed,Red Cattle Shed,Red,Clamp,Silage,23/11/2015 00:00:00,22.48,11.77,0.43,,56.52,32.61,34.71,3.81,10.14,8.2,,,,,,
Blue 23/11/2015 Clamp Pasture silage,Blue Cattle Shed,Blue Cattle Shed,Blue,Clamp,Silage,23/11/2015 00:00:00,29.94,8.61,3.79,,53.5,31.56,34.51,3.34,10.17,7.07,,,,,,
Green 30/11/2015 Clamp Pasture silage,Green Cattle Shed,Green Cattle Shed,Green,Clamp,Silage,30/11/2015 00:00:00,,12.76,1.61,,50.85,29.44,32.06,3.1,10.51,7.53,,,,,,
Red 30/11/2015 Clamp Pasture silage,Red Cattle Shed,Red Cattle Shed,Red,Clamp,Silage,30/11/2015 00:00:00,,12.17,0.69,,60.77,36.8,39.2,2.63,9.51,9.07,,,,,,
Blue 30/11/2015 Clamp Pasture silage,Blue Cattle Shed,Blue Cattle Shed,Blue,Clamp,Silage,30/11/2015 00:00:00,,8.36,3.08,,54.47,32.81,35.24,2.03,10.07,6.84,,,,,,
Green 07/12/2015 Clamp Pasture silage,Green Cattle Shed,Green Cattle Shed,Green,Clamp,Silage,07/12/2015 00:00:00,,12.84,1.63,,49.89,30.52,32.42,4.16,10.46,7.61,,,,,,
Red 07/12/2015 Clamp Pasture silage,Red Cattle Shed,Red Cattle Shed,Red,Clamp,Silage,07/12/2015 00:00:00,,11.57,0.5,,54.51,32.2,33.77,3.5,10.27,7.26,,,,,,
Blue 07/12/2015 Clamp Pasture silage,Blue Cattle Shed,Blue Cattle Shed,Blue,Clamp,Silage,07/12/2015 00:00:00,,8.46,3.03,,56.22,32.86,34.73,2.11,10.14,7.21,,,,,,
Green 14/12/2015 Clamp Pasture silage,Green Cattle Shed,Green Cattle Shed,Green,Clamp,Silage,14/12/2015 00:00:00,,12.4,1.48,,53.87,30.57,32.12,2.32,10.5,8.18,,,,,,
Red 14/12/2015 Clamp Pasture silage,Red Cattle Shed,Red Cattle Shed,Red,Clamp,Silage,14/12/2015 00:00:00,,12.4,0.54,,55.27,30.77,34.9,6.08,10.11,8.41,,,,,,
Blue 14/12/2015 Clamp Pasture silage,Blue Cattle Shed,Blue Cattle Shed,Blue,Clamp,Silage,14/12/2015 00:00:00,,7.82,3.81,,54.24,32.41,34.29,3.12,10.2,7.61,,,,,,
Green 21/12/2015 Clamp Pasture silage,Green Cattle Shed,Green Cattle Shed,Green,Clamp,Silage,21/12/2015 00:00:00,,13.41,0.55,,50.67,28.1,30.16,5.21,10.78,5.68,,,,,,
Red 21/12/2015 Clamp Pasture silage,Red Cattle Shed,Red Cattle Shed,Red,Clamp,Silage,21/12/2015 00:00:00,,11.79,1.01,,51.65,31.34,33.3,3.3,10.34,8.26,,,,,,
Blue 21/12/2015 Clamp Pasture silage,Blue Cattle Shed,Blue Cattle Shed,Blue,Clamp,Silage,21/12/2015 00:00:00,,8.27,4.05,,52.27,30.27,34.36,3.26,10.19,7.25,,,,,,
Green 21/12/2015 Clamp Pasture silage,Green Cattle Shed,Green Cattle Shed,Green,Clamp,Silage,21/12/2015 00:00:00,,12.33,1.03,,53.29,30.91,32.28,2.27,10.48,8.79,,,,,,
Red 28/12/2015 Clamp Pasture silage,Red Cattle Shed,Red Cattle Shed,Red,Clamp,Silage,28/12/2015 00:00:00,,12.61,0.53,,57.43,33.07,35.24,3.57,10.07,8.47,,,,,,
Blue 28/12/2015 Clamp Pasture silage,Blue Cattle Shed,Blue Cattle Shed,Blue,Clamp,Silage,28/12/2015 00:00:00,,8.8,2.16,,55.46,33.34,35.26,2.04,10.06,8.64,,,,,,
Green 28/12/2015 Clamp Pasture silage,Green Cattle Shed,Green Cattle Shed,Green,Clamp,Silage,28/12/2015 00:00:00,,14.41,1.6,,62.38,35.79,37.47,4.66,9.75,8.95,,,,,,
Red 04/01/2016 Clamp Pasture silage,Red Cattle Shed,Red Cattle Shed,Red,Clamp,Silage,04/01/2016 00:00:00,,12.52,1.55,,61.64,37.18,38.6,4.53,9.6,9.25,,,,,,
Blue 04/01/2016 Clamp Pasture silage,Blue Cattle Shed,Blue Cattle Shed,Blue,Clamp,Silage,04/01/2016 00:00:00,,9.38,1.91,,62.11,36.98,39.31,4.42,9.5,8.3,,,,,,
Green 04/01/2016 Clamp Pasture silage,Green Cattle Shed,Green Cattle Shed,Green,Clamp,Silage,04/01/2016 00:00:00,,12.61,0.36,,50.81,32.22,33.12,4.14,10.36,8.36,,,,,,
Red 11/01/2016 Clamp Pasture silage,Red Cattle Shed,Red Cattle Shed,Red,Clamp,Silage,11/01/2016 00:00:00,,12.39,0.44,,54.51,34.07,35.74,6.2,10,8.03,,,,,,
Blue 11/01/2016 Clamp Pasture silage,Blue Cattle Shed,Blue Cattle Shed,Blue,Clamp,Silage,11/01/2016 00:00:00,,8,4.04,,59.83,32.49,33.97,3.85,10.24,6.91,,,,,,
Green 11/01/2016 Clamp Pasture silage,Green Cattle Shed,Green Cattle Shed,Green,Clamp,Silage,11/01/2016 00:00:00,,13.78,1.09,,52.56,33.86,35.25,4.28,10.06,8.82,,,,,,
Green 18/01/2016 Clamp Pasture silage,Green Cattle Shed,Green Cattle Shed,Green,Clamp,Silage,18/01/2016 00:00:00,,13.04,0.55,,52.36,32.52,34.44,5.46,10.18,9.24,,,,,,
Red 25/01/2016 Clamp Pasture silage,Red Cattle Shed,Red Cattle Shed,Red,Clamp,Silage,25/01/2016 00:00:00,,11.99,0.5,,54.99,34.1,36.05,3.86,9.95,8.88,,,,,,
Blue 25/01/2016 Clamp Pasture silage,Blue Cattle Shed,Blue Cattle Shed,Blue,Clamp,Silage,25/01/2016 00:00:00,,8.25,3.85,,54.2,33.41,34.98,4.47,10.1,7.68,,,,,,
Green 25/01/2016 Clamp Pasture silage,Green Cattle Shed,Green Cattle Shed,Green,Clamp,Silage,25/01/2016 00:00:00,,13.34,1.04,,54.63,34.15,34.8,4.84,10.13,9.43,,,,,,
Red 01/02/2016 Clamp Pasture silage,Red Cattle Shed,Red Cattle Shed,Red,Clamp,Silage,01/02/2016 00:00:00,,12.77,1.88,,62.11,38.31,40.5,4.65,9.33,9.83,,,,,,
Green 01/02/2016 Clamp Pasture silage,Green Cattle Shed,Green Cattle Shed,Green,Clamp,Silage,01/02/2016 00:00:00,,13.41,0.44,,50.88,30.25,32.11,3.58,10.51,9.05,,,,,,
Red 08/02/2016 Clamp Pasture silage,Red Cattle Shed,Red Cattle Shed,Red,Clamp,Silage,08/02/2016 00:00:00,,12.35,1.32,,53.83,32.81,34.25,3.06,10.2,8.96,,,,,,
Blue 08/02/2016 Clamp Pasture silage,Blue Cattle Shed,Blue Cattle Shed,Blue,Clamp,Silage,08/02/2016 00:00:00,,8.65,3,,56.56,32.59,34.45,4.16,10.18,7.69,,,,,,
Green 08/02/2016 Clamp Pasture silage,Green Cattle Shed,Green Cattle Shed,Green,Clamp,Silage,08/02/2016 00:00:00,,12.94,0.5,,51.67,31.39,32.83,3.5,10.4,9,,,,,,
Red 15/02/2016 Clamp Pasture silage,Red Cattle Shed,Red Cattle Shed,Red,Clamp,Silage,15/02/2016 00:00:00,,12.11,0.54,,57.81,32.12,34.52,2.84,10.17,9.63,,,,,,
Blue 15/02/2016 Clamp Pasture silage,Blue Cattle Shed,Blue Cattle Shed,Blue,Clamp,Silage,15/02/2016 00:00:00,,8.77,3.08,,57.65,32.81,34.05,3.68,10.23,7.81,,,,,,
Green 15/02/2016 Clamp Pasture silage,Green Cattle Shed,Green Cattle Shed,Green,Clamp,Silage,15/02/2016 00:00:00,,12.95,0.42,,53.06,30.79,32.55,5.03,10.44,8.79,,,,,,
Green 22/02/2016 Clamp Pasture silage,Green Cattle Shed,Green Cattle Shed,Green,Clamp,Silage,22/02/2016 00:00:00,,12.91,1.49,,59.58,35.63,37.27,4.1,9.78,9.73,,,,,,
Red 22/02/2016 Clamp Pasture silage,Red Cattle Shed,Red Cattle Shed,Red,Clamp,Silage,22/02/2016 00:00:00,,8.86,3.63,,56.99,31.97,33.79,3.59,10.27,7.92,,,,,,
Blue 22/02/2016 Clamp Pasture silage,Blue Cattle Shed,Blue Cattle Shed,Blue,Clamp,Silage,22/02/2016 00:00:00,,13.23,0.33,,55.48,30.88,33.14,3.99,10.36,8.83,,,,,,
Green 29/02/2016 Clamp Pasture silage,Green Cattle Shed,Green Cattle Shed,Green,Clamp,Silage,29/02/2016 00:00:00,,13.07,0.41,,55.6,31.84,34.15,3.82,10.22,8.97,,,,,,
Red 29/02/2016 Clamp Pasture silage,Red Cattle Shed,Red Cattle Shed,Red,Clamp,Silage,29/02/2016 00:00:00,,9.91,3.57,,53.62,33.52,35.51,5.34,10.03,9.18,,,,,,
Blue 29/02/2016 Clamp Pasture silage,Blue Cattle Shed,Blue Cattle Shed,Blue,Clamp,Silage,29/02/2016 00:00:00,,12.82,0.44,,49.1,31.16,32.42,3.83,10.46,8.96,,,,,,
Green 07/03/2016 Clamp Pasture silage,Green Cattle Shed,Green Cattle Shed,Green,Clamp,Silage,07/03/2016 00:00:00,,11.91,1.57,,56.09,32.55,33.84,4.11,10.26,8.96,,,,,,
Red 07/03/2016 Clamp Pasture silage,Red Cattle Shed,Red Cattle Shed,Red,Clamp,Silage,07/03/2016 00:00:00,,10.17,3.6,,54.79,33.01,34.74,5.21,10.14,8.18,,,,,,
Blue 07/03/2016 Clamp Pasture silage,Blue Cattle Shed,Blue Cattle Shed,Blue,Clamp,Silage,07/03/2016 00:00:00,,12.74,1.34,,51.2,31.81,33.6,4.87,10.3,9.93,,,,,,
Green 14/03/2016 Clamp Pasture silage,Green Cattle Shed,Green Cattle Shed,Green,Clamp,Silage,14/03/2016 00:00:00,,11.87,1.16,,50.8,32.64,34.39,3.7,10.19,9.5,,,,,,
Red 14/03/2016 Clamp Pasture silage,Red Cattle Shed,Red Cattle Shed,Red,Clamp,Silage,14/03/2016 00:00:00,,8.61,3.56,,53.87,33.02,34.07,3.56,10.23,7.87,,,,,,
Blue 14/03/2016 Clamp Pasture silage,Blue Cattle Shed,Blue Cattle Shed,Blue,Clamp,Silage,14/03/2016 00:00:00,,13.07,1.37,,46.01,29.92,30.85,3.82,10.68,7.49,,,,,,
Green 21/03/2016 Clamp Pasture silage,Green Cattle Shed,Green Cattle Shed,Green,Clamp,Silage,21/03/2016 00:00:00,,13.44,0.51,,51.78,32.81,34.3,4.1,10.2,8.88,,,,,,
Red 21/03/2016 Clamp Pasture silage,Red Cattle Shed,Red Cattle Shed,Red,Clamp,Silage,21/03/2016 00:00:00,,8.88,3.4,,52.82,32.72,34,3.53,10.24,7.33,,,,,,
Red 16/05/2016 Great Field Pasture,NW002,Great Field,Red,Grazing,Pasture,16/05/2016 00:00:00,18.4,16.97,14.51,,46.35,26.1,27.05,2.85,11.2,8.85,,,,,,
Green 16/05/2016 Burrows Pasture,NW006,Burrows,Green,Grazing,Pasture,16/05/2016 00:00:00,14.63,21.62,10.07,,42.94,22.85,23.1,2.6,11.93,8.75,,,,,,
Blue 16/05/2016 Dairy South Pasture,NW013,Dairy South,Blue,Grazing,Pasture,16/05/2016 00:00:00,18.31,17.16,12.86,,41.06,24.6,26,2.9,11.39,7.55,,,,,,
Red 06/06/2016 Great Field Pasture,NW002,Great Field,Red,Grazing,Pasture,06/06/2016 00:00:00,20,16.96,13.16,,45.79,22.95,25,2.5,11.58,8.2,,,,,,
Green 06/06/2016 Burrows Pasture,NW006,Burrows,Green,Grazing,Pasture,06/06/2016 00:00:00,17.5,21.9,8.14,,45.43,22.55,24.25,3.75,11.71,8.9,,,,,,
Blue 06/06/2016 Dairy South Pasture,NW013,Dairy South,Blue,Grazing,Pasture,06/06/2016 00:00:00,17.09,18.8,7.65,,40.36,23.95,25.6,4.2,11.46,9,,,,,,
Red 21/06/2016 Great Field Pasture,NW002,Great Field,Red,Grazing,Pasture,21/06/2016 00:00:00,22.24,21.25,9.84,,45.4,24,25.1,3.05,11.56,8.3,,,,,,
Green 21/06/2016 Burrows Pasture,NW006,Burrows,Green,Grazing,Pasture,21/06/2016 00:00:00,22.55,21.52,7.84,,46.92,22.95,24.6,3.65,11.65,8,,,,,,
Blue 21/06/2016 Dairy South Pasture,NW013,Dairy South,Blue,Grazing,Pasture,21/06/2016 00:00:00,20.48,23.36,8.63,,31.86,19.95,21.8,2.6,12.17,8.95,,,,,,
Red 18/07/2016 Lower Wheaty Pasture,NW015,Lower Wheaty,Red,Grazing,Pasture,18/07/2016 00:00:00,23.47,22.05,12.77,,39.42,18.33,20.5,2.4,12.41,8.25,,,,,,
Green 18/07/2016 Burrows Pasture,NW006,Burrows,Green,Grazing,Pasture,18/07/2016 00:00:00,28.37,19.59,7.06,,46.49,23.05,24,3.25,11.76,8.1,,,,,,
Blue 18/07/2016 Dairy South Pasture,NW013,Dairy South,Blue,Grazing,Pasture,18/07/2016 00:00:00,24.31,21.83,10.69,,32.85,17.6,20.05,3.6,12.49,9.45,,,,,,
Red 01/08/2016 Great Field Pasture,NW002,Great Field,Red,Grazing,Pasture,01/08/2016 00:00:00,18.74,22.81,7.15,,45.23,21.85,22.85,3.65,11.97,9.05,,,,,,
Green 01/08/2016 Burrows Pasture,NW006,Burrows,Green,Grazing,Pasture,01/08/2016 00:00:00,18.76,26.22,9.74,,44,19.65,21.95,5,12.14,8.3,,,,,,
Blue 01/08/2016 Dairy South Pasture,NW013,Dairy South,Blue,Grazing,Pasture,01/08/2016 00:00:00,18.25,25.19,7.3,,32.75,18.65,20.1,4.45,12.48,9.45,,,,,,
Red 15/08/2016 Poor Field Pasture,NW003,Poor Field,Red,Grazing,Pasture,15/08/2016 00:00:00,16.4,23.35,6.17,,42.28,24.35,25.15,3.35,11.55,10.95,,,,,,
Green 15/08/2016 Burrows Pasture,NW006,Burrows,Green,Grazing,Pasture,15/08/2016 00:00:00,16.8,27.23,5.29,,41.55,20.5,22.35,3.65,12.07,9.65,,,,,,
Blue 15/08/2016 Dairy South Pasture,NW013,Dairy South,Blue,Grazing,Pasture,15/08/2016 00:00:00,14.55,23.77,6.79,,41.84,23.25,25,4.65,11.58,9.95,,,,,,
Red 05/09/2016 Great Field Pasture,NW002,Great Field,Red,Grazing,Pasture,05/09/2016 00:00:00,18.14,24.11,6.95,,39.92,21.05,24.2,3.9,11.72,9.25,,,,,,
Green 05/09/2016 Orchard Dean North Pasture,NW045,Orchard Dean North,Green,Grazing,Pasture,05/09/2016 00:00:00,14.46,25.58,4.76,,39.49,22.95,25.2,2.9,11.54,10.2,,,,,,
Blue 05/09/2016 Dairy South Pasture,NW013,Dairy South,Blue,Grazing,Pasture,05/09/2016 00:00:00,19.3,27.24,6.32,,35.75,20.2,21.45,3.1,12.23,9.85,,,,,,
Red 20/09/2016 Poor Field Pasture,NW003,Poor Field,Red,Grazing,Pasture,20/09/2016 00:00:00,16.51,26.59,6.71,,39.57,19.55,21.85,2.65,12.16,8.9,,,,,,
Green 20/09/2016 Orchard Dean North Pasture,NW045,Orchard Dean North,Green,Grazing,Pasture,20/09/2016 00:00:00,10.15,26.81,5.51,,42.12,23.65,26.4,5.15,11.32,9.5,,,,,,
Blue 20/09/2016 Higher Wyke Moor Pasture,NW010,Higher Wyke Moor,Blue,Grazing,Pasture,20/09/2016 00:00:00,12.53,27.79,5,,28.32,17.9,21.1,3.75,12.3,10,,,,,,
Red 05/10/2016 Poor Field Pasture,NW003,Poor Field,Red,Grazing,Pasture,05/10/2016 00:00:00,20.35,17.16,12,,42.91,23.65,24.75,4.15,11.62,10,,,,,,
Green 05/10/2016 Orchard Dean North Pasture,NW045,Orchard Dean North,Green,Grazing,Pasture,05/10/2016 00:00:00,22.36,22.46,10.35,,43.12,23.25,24.45,4.8,11.68,8.5,,,,,,
Blue 05/10/2016 Higher Wyke Moor Pasture,NW010,Higher Wyke Moor,Blue,Grazing,Pasture,05/10/2016 00:00:00,19.35,22.2,10.67,,37.52,21.2,22.3,4.3,12.07,9.45,,,,,,
Green 01/06/2016 Burrows Pasture,NW006,Burrows,Green,Grazing,Pasture,01/06/2016 00:00:00,20.8,18.09,10.1,,45.49,23.1,24.05,3.05,11.75,8.15,,,,,,
Red 01/06/2016 Lower Wheaty Pasture,NW015,Lower Wheaty,Red,Grazing,Pasture,01/06/2016 00:00:00,22.73,14.21,17.41,,45.94,24.6,25.45,2.6,11.49,7.55,,,,,,
Blue 01/06/2016 Dairy South Pasture,NW013,Dairy South,Blue,Grazing,Pasture,01/06/2016 00:00:00,20.25,20.32,13.87,,39.13,20.85,22.05,2.7,12.12,7.9,,,,,,
Green 14/11/2016 Bale Pasture silage,Green Cattle Shed,Green Cattle Shed,Green,Bale,Silage,14/11/2016 00:00:00,38.82,14.69,4.17,,54.31,30.5,31.6,3.88,10.58,6.99,,,,,,
Red 14/11/2016 Bale Pasture silage,Red Cattle Shed,Red Cattle Shed,Red,Bale,Silage,14/11/2016 00:00:00,46.81,14.82,7.34,,51.09,29.79,30.91,3.38,10.67,7.93,,,,,,
Blue 14/11/2016 Bale Pasture silage,Blue Cattle Shed,Blue Cattle Shed,Blue,Bale,Silage,14/11/2016 00:00:00,35.33,13.88,4.33,,46.1,28.36,31.13,5.64,10.64,10.43,,,,,,
Green 21/11/2016 Bale Pasture silage,Green Cattle Shed,Green Cattle Shed,Green,Bale,Silage,21/11/2016 00:00:00,38.78,13.78,4.57,,55.07,30.45,32.95,3.87,10.39,6.92,,,,,,
Red 21/11/2016 Bale Pasture silage,Red Cattle Shed,Red Cattle Shed,Red,Bale,Silage,21/11/2016 00:00:00,47.08,14.84,7.98,,50.2,27.99,31.24,3.45,10.63,7.91,,,,,,
Blue 21/11/2016 Bale Pasture silage,Blue Cattle Shed,Blue Cattle Shed,Blue,Bale,Silage,21/11/2016 00:00:00,35.64,14.09,4.28,,47.36,29.41,32.02,6.14,10.52,10.91,,,,,,
Green 28/11/2016 Bale Pasture silage,Green Cattle Shed,Green Cattle Shed,Green,Bale,Silage,28/11/2016 00:00:00,38.8,14.48,4.21,,55.77,30.31,32.74,3.82,10.42,6.76,,,,,,
Red 28/11/2016 Bale Pasture silage,Red Cattle Shed,Red Cattle Shed,Red,Bale,Silage,28/11/2016 00:00:00,46.8,14.22,7.48,,51.81,28.88,30.54,3.44,10.72,7.9,,,,,,
Blue 28/11/2016 Bale Pasture silage,Blue Cattle Shed,Blue Cattle Shed,Blue,Bale,Silage,28/11/2016 00:00:00,36.94,14.38,4.73,,47.59,27.43,30.5,4.62,10.73,9.42,,,,,,
Green 05/12/2016 Clamp Pasture silage,Green Cattle Shed,Green Cattle Shed,Green,Clamp,Silage,05/12/2016 00:00:00,32.73,16.42,2.54,,45.46,26.07,27.75,2.45,11.12,8.46,,,,,,
Red 05/12/2016 Clamp Pasture silage,Red Cattle Shed,Red Cattle Shed,Red,Clamp,Silage,05/12/2016 00:00:00,25.75,13.1,3.63,,48.73,29.45,31.35,2.47,10.61,8.18,,,,,,
Blue 05/12/2016 Clamp Pasture silage,Blue Cattle Shed,Blue Cattle Shed,Blue,Clamp,Silage,05/12/2016 00:00:00,31.23,11.35,9.33,,47.45,26.36,27.79,2.89,11.11,6.72,,,,,,
Green 12/12/2016 Clamp Pasture silage,Green Cattle Shed,Green Cattle Shed,Green,Clamp,Silage,12/12/2016 00:00:00,35.55,15.95,4.53,,44.56,25.73,27.23,2.32,11.19,8.5,,,,,,
Red 12/12/2016 Clamp Pasture silage,Red Cattle Shed,Red Cattle Shed,Red,Clamp,Silage,12/12/2016 00:00:00,25.74,12.96,4.5,,48.12,29.45,30.64,2.42,10.71,7.94,,,,,,
Blue 12/12/2016 Clamp Pasture silage,Blue Cattle Shed,Blue Cattle Shed,Blue,Clamp,Silage,12/12/2016 00:00:00,31.67,10.49,9.66,,47.78,28.02,29.52,2.64,10.87,7.14,,,,,,
Green 19/12/2016 Clamp Pasture silage,Green Cattle Shed,Green Cattle Shed,Green,Clamp,Silage,19/12/2016 00:00:00,34.12,15.27,4.25,,44.92,25.95,27.52,2.31,11.15,8.67,,,,,,
Red 19/12/2016 Clamp Pasture silage,Red Cattle Shed,Red Cattle Shed,Red,Clamp,Silage,19/12/2016 00:00:00,25.6,13.19,4.33,,47.34,27.97,29.78,2.26,10.83,7.26,,,,,,
Blue 19/12/2016 Clamp Pasture silage,Blue Cattle Shed,Blue Cattle Shed,Blue,Clamp,Silage,19/12/2016 00:00:00,31.27,9.5,9.87,,46.11,28.79,29.5,3.67,10.87,6.89,,,,,,
Green 02/01/2017 Clamp Pasture silage,Green Cattle Shed,Green Cattle Shed,Green,Clamp,Silage,02/01/2017 00:00:00,33.13,15.72,3.71,,44.33,26.35,26.63,2.43,11.27,8.32,,,,,,
Red 02/01/2017 Clamp Pasture silage,Red Cattle Shed,Red Cattle Shed,Red,Clamp,Silage,02/01/2017 00:00:00,24.04,13.85,3.7,,47.49,28.12,29.49,2.51,10.87,7.87,,,,,,
Blue 02/01/2017 Clamp Pasture silage,Blue Cattle Shed,Blue Cattle Shed,Blue,Clamp,Silage,02/01/2017 00:00:00,31.53,10.56,9.96,,46.12,26.51,28.33,2.88,11.03,6.95,,,,,,
Green 09/01/2017 Clamp Pasture silage,Green Cattle Shed,Green Cattle Shed,Green,Clamp,Silage,09/01/2017 00:00:00,33.51,16.27,4.04,,43.1,24.57,27.31,2.27,11.18,8.19,,,,,,
Red 09/01/2017 Clamp Pasture silage,Red Cattle Shed,Red Cattle Shed,Red,Clamp,Silage,09/01/2017 00:00:00,23.71,12.99,3.37,,48.63,28.35,30.56,4.76,10.72,7.92,,,,,,
Blue 09/01/2017 Clamp Pasture silage,Blue Cattle Shed,Blue Cattle Shed,Blue,Clamp,Silage,09/01/2017 00:00:00,31.61,10,9.43,,48.73,30.39,30.84,2.84,10.68,6.94,,,,,,
Green 16/01/2017 Clamp Pasture silage,Green Cattle Shed,Green Cattle Shed,Green,Clamp,Silage,16/01/2017 00:00:00,35.59,15.47,4.92,,42.19,25.51,26.47,2.43,11.29,8.55,,,,,,
Red 16/01/2017 Clamp Pasture silage,Red Cattle Shed,Red Cattle Shed,Red,Clamp,Silage,16/01/2017 00:00:00,23.28,13,1.89,,51.55,32.71,33.92,3.31,10.25,9.09,,,,,,
Blue 16/01/2017 Clamp Pasture silage,Blue Cattle Shed,Blue Cattle Shed,Blue,Clamp,Silage,16/01/2017 00:00:00,30.83,10.36,8.75,,46.87,28.17,28.75,2.69,10.98,6.93,,,,,,
Green 23/01/2017 Clamp Pasture silage,Green Cattle Shed,Green Cattle Shed,Green,Clamp,Silage,23/01/2017 00:00:00,35,15.73,4.84,,43.79,25.52,26.75,3.19,11.25,8.46,,,,,,
Red 23/01/2017 Clamp Pasture silage,Red Cattle Shed,Red Cattle Shed,Red,Clamp,Silage,23/01/2017 00:00:00,22.98,13.17,2.03,,50.08,31.47,32.46,3.25,10.46,10.33,,,,,,
Blue 23/01/2017 Clamp Pasture silage,Blue Cattle Shed,Blue Cattle Shed,Blue,Clamp,Silage,23/01/2017 00:00:00,30.18,11.05,8.18,,47.91,28.21,29.49,2.94,10.87,7.11,,,,,,
Green 30/01/2017 Clamp Pasture silage,Green Cattle Shed,Green Cattle Shed,Green,Clamp,Silage,30/01/2017 00:00:00,34.61,16.06,4.29,,44.23,26.37,27.82,4.34,11.11,8.7,,,,,,
Red 30/01/2017 Clamp Pasture silage,Red Cattle Shed,Red Cattle Shed,Red,Clamp,Silage,30/01/2017 00:00:00,22.5,13.81,1.82,,51.13,31.85,33.66,2.57,10.29,8.03,,,,,,
Blue 30/01/2017 Clamp Pasture silage,Blue Cattle Shed,Blue Cattle Shed,Blue,Clamp,Silage,30/01/2017 00:00:00,29.95,10.07,8.45,,50.54,30.69,31.38,2.66,10.61,6.24,,,,,,
Green 06/02/2017 Clamp Pasture silage,Green Cattle Shed,Green Cattle Shed,Green,Clamp,Silage,06/02/2017 00:00:00,34.53,15.51,4.33,,44.52,25.75,27.57,2.5,11.14,8.28,,,,,,
Red 06/02/2017 Clamp Pasture silage,Red Cattle Shed,Red Cattle Shed,Red,Clamp,Silage,06/02/2017 00:00:00,22.84,13,2.29,,51.1,25.85,33.43,3.34,10.32,7.22,,,,,,
Blue 06/02/2017 Clamp Pasture silage,Blue Cattle Shed,Blue Cattle Shed,Blue,Clamp,Silage,06/02/2017 00:00:00,29.63,10.28,7.47,,48.53,29.62,30.37,2.95,10.75,6.59,,,,,,
Green 13/02/2017 Bale Pasture silage,Green Cattle Shed,Green Cattle Shed,Green,Bale,Silage,13/02/2017 00:00:00,36.95,14.99,2.13,,55.06,31.45,32.72,6.74,10.42,11.29,,,,,,
Red 13/02/2017 Clamp Pasture silage,Red Cattle Shed,Red Cattle Shed,Red,Clamp,Silage,13/02/2017 00:00:00,25.1,12.08,1.68,,50.62,31.42,32.98,5.61,10.38,8.83,,,,,,
Blue 13/02/2017 Bale Pasture silage,Blue Cattle Shed,Blue Cattle Shed,Blue,Bale,Silage,13/02/2017 00:00:00,31.53,20.8,2.08,,34.03,25.62,26.79,4.43,11.25,10.11,,,,,,
Green 20/02/2017 Bale Pasture silage,Green Cattle Shed,Green Cattle Shed,Green,Bale,Silage,20/02/2017 00:00:00,36.76,16.16,2.01,,54.49,31.86,33.22,7.55,10.35,11.07,,,,,,
Red 20/02/2017 Clamp Pasture silage,Red Cattle Shed,Red Cattle Shed,Red,Clamp,Silage,20/02/2017 00:00:00,23.83,11.78,1.82,,50.59,30.88,32.02,3.82,10.52,8.37,,,,,,
Blue 20/02/2017 Bale Pasture silage,Blue Cattle Shed,Blue Cattle Shed,Blue,Bale,Silage,20/02/2017 00:00:00,32.4,21.36,2,,32.59,24.95,27.26,4.37,11.18,10.39,,,,,,
Green 27/02/2017 Bale Pasture silage,Green Cattle Shed,Green Cattle Shed,Green,Bale,Silage,27/02/2017 00:00:00,37.11,16.15,2.05,,55.27,32.37,33.89,12.71,10.26,11.63,,,,,,
Red 27/02/2017 Clamp Pasture silage,Red Cattle Shed,Red Cattle Shed,Red,Clamp,Silage,27/02/2017 00:00:00,24.04,12.6,1.53,,52.06,30.89,31.93,3.39,10.53,8.26,,,,,,
Blue 27/02/2017 Bale Pasture silage,Blue Cattle Shed,Blue Cattle Shed,Blue,Bale,Silage,27/02/2017 00:00:00,32.11,20.94,2.36,,33.14,24.49,26.76,4.25,11.25,10.12,,,,,,
Green 06/03/2017 Bale Pasture silage,Green Cattle Shed,Green Cattle Shed,Green,Bale,Silage,06/03/2017 00:00:00,38.86,16.33,3.18,,53.06,29.26,30.53,4.9,10.73,8.69,,,,,,
Red 06/03/2017 Clamp Pasture silage,Red Cattle Shed,Red Cattle Shed,Red,Clamp,Silage,06/03/2017 00:00:00,24.43,12.45,2.72,,50.82,29.63,31.1,2.5,10.65,8.1,,,,,,
Blue 06/03/2017 NW Farm clamp Pasture silage,Blue Cattle Shed,Blue Cattle Shed,Blue,Clamp,Silage,06/03/2017 00:00:00,34.03,11.8,3.7,,50.54,30.15,31.59,3.91,10.58,8.63,,,,,,
Green 13/03/2017 Bale Pasture silage,Green Cattle Shed,Green Cattle Shed,Green,Bale,Silage,13/03/2017 00:00:00,38.93,16,3.25,,52.77,28.83,29.87,4.02,10.82,9.12,,,,,,
Red 13/03/2017 Clamp Pasture silage,Red Cattle Shed,Red Cattle Shed,Red,Clamp,Silage,13/03/2017 00:00:00,23.41,12.53,2.08,,50.76,31.2,32.28,2.66,10.48,8.08,,,,,,
Blue 13/03/2017 NW Farm clamp Pasture silage,Blue Cattle Shed,Blue Cattle Shed,Blue,Clamp,Silage,13/03/2017 00:00:00,32.62,14.37,1.25,,48.08,28.2,29.01,3.16,10.94,7.27,,,,,,
Green 20/03/2017 Bale Pasture silage,Green Cattle Shed,Green Cattle Shed,Green,Bale,Silage,20/03/2017 00:00:00,37.81,16.46,3.55,,50.25,26.49,27.17,3.52,11.2,7.81,,,,,,
Red 20/03/2017 Clamp Pasture silage,Red Cattle Shed,Red Cattle Shed,Red,Clamp,Silage,20/03/2017 00:00:00,24.24,13.1,2.17,,51.34,29.89,30.93,2.9,10.67,7.34,,,,,,
Blue 20/03/2017 NW Farm clamp Pasture silage,Blue Cattle Shed,Blue Cattle Shed,Blue,Clamp,Silage,20/03/2017 00:00:00,40.97,12.24,5.57,,51.57,30.73,32.03,3.9,10.52,7.43,,,,,,
Green 27/03/2017 Bale Pasture silage,Green Cattle Shed,Green Cattle Shed,Green,Bale,Silage,27/03/2017 00:00:00,42.4,13.05,6.18,,54.71,29.14,30.3,4.05,10.76,6.99,,,,,,
Red 27/03/2017 Clamp Pasture silage,Red Cattle Shed,Red Cattle Shed,Red,Clamp,Silage,27/03/2017 00:00:00,23.67,12.5,2.38,,50.29,30.82,31.89,2.76,10.53,7.65,,,,,,
Blue 27/03/2017 NW Farm clamp Pasture silage,Blue Cattle Shed,Blue Cattle Shed,Blue,Clamp,Silage,27/03/2017 00:00:00,51.75,11.37,8.71,,55.06,30.74,31.94,5.73,10.53,7.81,,,,,,
Green 03/04/2017 Bale Pasture silage,Green Cattle Shed,Green Cattle Shed,Green,Bale,Silage,03/04/2017 00:00:00,47.94,14.66,9.5,,51.34,25.47,26.38,3.46,11.31,6.67,,,,,,
Red 03/04/2017 Bale Pasture silage,Red Cattle Shed,Red Cattle Shed,Red,Bale,Silage,03/04/2017 00:00:00,43.59,13.65,7.16,,52.61,28.48,29.26,3.65,10.9,7.77,,,,,,
Blue 03/04/2017 NW Farm clamp Pasture silage,Blue Cattle Shed,Blue Cattle Shed,Blue,Clamp,Silage,03/04/2017 00:00:00,36.45,12.34,3.93,,51.96,15.5,31.65,4.18,10.57,7.94,,,,,,
Blue 24/04/2017 Higher Wyke Moor Pasture,NW010,Higher Wyke Moor,Blue,Grazing,Pasture,24/04/2017 00:00:00,21.92,21.7,17.44,,29.83,14.74,17.2,1.72,13.02,8.33,,,,,,
Green 24/04/2017 Orchard Dean North Pasture,NW045,Orchard Dean North,Green,Grazing,Pasture,24/04/2017 00:00:00,21.57,23.09,13.1,,34.26,16.78,19.38,3.13,12.61,8.31,,,,,,
Red 24/04/2017 Ware Park Pasture,NW004,Ware Park,Red,Grazing,Pasture,24/04/2017 00:00:00,19.22,21.89,18.42,,32,15.66,18.62,2.21,12.76,8.18,,,,,,
Blue 08/05/2017 Higher Wyke Moor Pasture,NW010,Higher Wyke Moor,Blue,Grazing,Pasture,08/05/2017 00:00:00,19.94,19.25,16.48,,37.54,17.92,20.92,2.72,12.33,8.33,,,,,,
Green 08/05/2017 Orchard Dean South Pasture,NW046,Orchard Dean South,Green,Grazing,Pasture,08/05/2017 00:00:00,22.23,26.37,14.52,,32.79,17.35,19.58,2.09,12.58,7.97,,,,,,
Red 08/05/2017 Poor Field Pasture,NW003,Poor Field,Red,Grazing,Pasture,08/05/2017 00:00:00,22.17,17.2,18.1,,38.1,16.93,19.63,1.6,12.57,7.97,,,,,,
Blue 24/05/2017 Higher Wyke Moor Pasture,NW010,Higher Wyke Moor,Blue,Grazing,Pasture,24/05/2017 00:00:00,18.85,18.83,15.04,,39.28,18.41,22.65,2.55,12.01,9.87,,,,,,
Blue 24/05/2017 Middle Wyke Moor Pasture,NW011,Middle Wyke Moor,Blue,Grazing,Pasture,24/05/2017 00:00:00,21.09,15.96,17.1,,40.33,19.07,22.87,3.02,11.97,8.65,,,,,,
Green 24/05/2017 Orchard Dean South Pasture,NW046,Orchard Dean South,Green,Grazing,Pasture,24/05/2017 00:00:00,19.7,23.62,12.81,,37.3,19.93,21.93,2.53,12.14,8.79,,,,,,
Red 24/05/2017 Poor Field Pasture,NW003,Poor Field,Red,Grazing,Pasture,24/05/2017 00:00:00,19.84,18.56,15.49,,43.53,21.8,23.88,5.01,11.78,10.01,,,,,,
Blue 06/06/2017 Higher Wyke Moor Pasture,NW010,Higher Wyke Moor,Blue,Grazing,Pasture,06/06/2017 00:00:00,19.12,19.84,14.53,,36.66,18.8,21.4,3.5,12.24,9.23,,,,,,
Blue 06/06/2017 Middle Wyke Moor Pasture,NW011,Middle Wyke Moor,Blue,Grazing,Pasture,06/06/2017 00:00:00,20.71,15.01,16.29,,40.88,19.54,22.53,4.01,12.03,8.83,,,,,,
Green 06/06/2017 Orchard Dean South Pasture,NW046,Orchard Dean South,Green,Grazing,Pasture,06/06/2017 00:00:00,18.72,24.28,11.65,,37.95,18.81,22.29,2.35,12.08,9.3,,,,,,
Red 06/06/2017 Poor Field Pasture,NW003,Poor Field,Red,Grazing,Pasture,06/06/2017 00:00:00,20.15,21.89,14.41,,39.41,20.47,23.35,3.82,11.88,10,,,,,,
Blue 22/06/2017 Middle Wyke Moor Pasture,NW011,Middle Wyke Moor,Blue,Grazing,Pasture,22/06/2017 00:00:00,24.71,14.48,17.12,,43.18,22.71,25.78,4.44,11.43,9.28,,,,,,
Green 22/06/2017 Golden Rove Pasture,NW009,Golden Rove,Green,Grazing,Pasture,22/06/2017 00:00:00,24.29,21.2,11.84,,40.95,19.68,23.7,4.34,11.82,7.44,,,,,,
Red 22/06/2017 Poor Field Pasture,NW003,Poor Field,Red,Grazing,Pasture,22/06/2017 00:00:00,25.61,22.31,14.26,,42.14,19.61,21.49,3.77,12.22,8.72,,,,,,
Blue 10/07/2017 Dairy South Pasture,NW013,Dairy South,Blue,Grazing,Pasture,10/07/2017 00:00:00,19.19,19.38,13.16,,29.35,17.5,21.08,4.08,12.3,9.19,,,,,,
Green 10/07/2017 Golden Rove Pasture,NW009,Golden Rove,Green,Grazing,Pasture,10/07/2017 00:00:00,22.77,25.08,14.12,,33.75,17.07,19.28,4.63,12.63,7.22,,,,,,
Green 10/07/2017 Orchard Dean South Pasture,NW046,Orchard Dean South,Green,Grazing,Pasture,10/07/2017 00:00:00,25.14,17.08,16.12,,42.36,21.72,23.92,3.57,11.78,7.85,,,,,,
Red 10/07/2017 Poor Field Pasture,NW003,Poor Field,Red,Grazing,Pasture,10/07/2017 00:00:00,22.82,17.58,21.7,,35.43,19.35,20.88,3.5,12.34,8.45,,,,,,
Red 10/07/2017 Pecketsford Pasture,NW001,Pecketsford,Red,Grazing,Pasture,10/07/2017 00:00:00,22.82,19.47,17.26,,38.02,21.53,23.49,3.22,11.85,7.98,,,,,,
Blue 25/07/2017 Dairy South Pasture,NW013,Dairy South,Blue,Grazing,Pasture,25/07/2017 00:00:00,21.44,18.78,12.26,,36.34,21.29,23.81,4.22,11.8,9.05,,,,,,
Red 25/07/2017 Great Field Pasture,NW002,Great Field,Red,Grazing,Pasture,25/07/2017 00:00:00,22.58,11.46,21.6,,43.87,24.06,26.71,3.14,11.26,7.74,,,,,,
Green 25/07/2017 Burrows Pasture,NW006,Burrows,Green,Grazing,Pasture,25/07/2017 00:00:00,18.87,14.34,11.41,,48.58,24.82,28.76,3.33,10.88,9.34,,,,,,
Blue 07/08/2017 Dairy South Pasture,NW013,Dairy South,Blue,Grazing,Pasture,07/08/2017 00:00:00,15.77,28.43,9.43,,37.3,17.65,20.81,3.81,12.35,9.83,,,,,,
Red 07/08/2017 Great Field Pasture,NW002,Great Field,Red,Grazing,Pasture,07/08/2017 00:00:00,19.38,15.01,16.74,,44.02,25.22,27.45,5.04,11.12,9.94,,,,,,
Green 07/08/2017 Burrows Pasture,NW006,Burrows,Green,Grazing,Pasture,07/08/2017 00:00:00,19.97,14.48,12.98,,46.6,25.07,28.65,3.74,10.9,9.13,,,,,,
Blue 21/08/2017 Dairy South Pasture,NW013,Dairy South,Blue,Grazing,Pasture,21/08/2017 00:00:00,11.46,28.89,6.43,,36.82,19.17,21.32,3.39,12.26,10.62,,,,,,
Red 21/08/2017 Great Field Pasture,NW002,Great Field,Red,Grazing,Pasture,21/08/2017 00:00:00,13.11,26.65,7.25,,38.77,22.44,25.35,4.78,11.51,9.95,,,,,,
Green 21/08/2017 Burrows Pasture,NW006,Burrows,Green,Grazing,Pasture,21/08/2017 00:00:00,15.6,17.65,11,,46.2,25.99,29.3,5.37,10.78,11,,,,,,
Blue 04/09/2017 Dairy South Pasture,NW013,Dairy South,Blue,Grazing,Pasture,04/09/2017 00:00:00,9.81,25.76,9.25,,34.68,21.89,25.08,3.87,11.56,9.44,,,,,,
Green 04/09/2017 Orchard Dean South Pasture,NW046,Orchard Dean South,Green,Grazing,Pasture,04/09/2017 00:00:00,13.6,19.39,10.61,,43.82,22.26,26.8,3.26,11.24,7.91,,,,,,
Red 04/09/2017 Poor Field Pasture,NW003,Poor Field,Red,Grazing,Pasture,04/09/2017 00:00:00,15.4,15.51,15.49,,45.04,22.34,25.5,4.09,11.48,8.47,,,,,,
Blue 22/09/2017 Higher Wyke Moor Pasture,NW010,Higher Wyke Moor,Blue,Grazing,Pasture,22/09/2017 00:00:00,18.7,15.58,16.29,,40.76,23.16,26.03,5.62,11.38,15.08,,,,,,
Green 22/09/2017 Orchard Dean North Pasture,NW045,Orchard Dean North,Green,Grazing,Pasture,22/09/2017 00:00:00,13.34,23.44,12.64,,30.77,17.83,20.37,1.15,12.43,8.3,,,,,,
Red 22/09/2017 Ware Park Pasture,NW004,Ware Park,Red,Grazing,Pasture,22/09/2017 00:00:00,18.48,16.35,22.93,,31.18,18.39,20.84,3.47,12.34,9.67,,,,,,
Green 06/10/2017 Burrows Pasture,NW006,Burrows,Green,Grazing,Pasture,06/10/2017 00:00:00,28.58,26.85,12.4,,29.2,16.63,20.3,2.85,12.44,9.13,,,,,,
Green 20/10/2017 Burrows Pasture,NW006,Burrows,Green,Grazing,Pasture,20/10/2017 00:00:00,26.16,24.76,14.57,,30.97,16.37,20.36,1.76,12.43,6.79,,,,,,
Green 02/11/2017 Orchard Dean South Pasture,NW046,Orchard Dean South,Green,Grazing,Pasture,02/11/2017 00:00:00,27.96,25.07,13.99,,31.82,16.34,20.27,1.31,12.45,7.61,,,,,,
Green 02/11/2017 Burrows Pasture,NW006,Burrows,Green,Grazing,Pasture,02/11/2017 00:00:00,27.08,24.41,14.5,,29.45,16.97,19.78,1.63,12.54,8.51,,,,,,
Green 13/11/2017 Clamp Pasture silage,Green Cattle Shed,Green Cattle Shed,Green,Clamp,Silage,13/11/2017 00:00:00,25.03,14.35,2.91,,45.01,26.62,29.69,3.28,10.84,9,,,,,,
Red 13/11/2017 Clamp Pasture silage,Red Cattle Shed,Red Cattle Shed,Red,Clamp,Silage,13/11/2017 00:00:00,28.65,14.22,1.83,,41.71,25.93,28.56,3.43,11,9.92,,,,,,
Blue 13/11/2017 Clamp Pasture silage,Blue Cattle Shed,Blue Cattle Shed,Blue,Clamp,Silage,13/11/2017 00:00:00,,11.23,6.86,,38.83,25.89,27.98,4.35,11.08,9.22,,,,,,
Green 20/11/2017 Clamp Pasture silage,Green Cattle Shed,Green Cattle Shed,Green,Clamp,Silage,20/11/2017 00:00:00,,14.89,2.24,,46.05,28.42,30.84,3.43,10.68,9.07,,,,,,
Red 20/11/2017 Clamp Pasture silage,Red Cattle Shed,Red Cattle Shed,Red,Clamp,Silage,20/11/2017 00:00:00,,13.74,1.94,,42.73,26.23,28.73,4.22,10.98,10.62,,,,,,
Blue 20/11/2017 Clamp Pasture silage,Blue Cattle Shed,Blue Cattle Shed,Blue,Clamp,Silage,20/11/2017 00:00:00,,11.15,7.66,,38.78,23.88,27.58,2.74,11.14,8.99,,,,,,
Green 27/11/2017 Clamp Pasture silage,Green Cattle Shed,Green Cattle Shed,Green,Clamp,Silage,27/11/2017 00:00:00,30.92,15.38,1.95,,46.4,26.5,30.59,4.18,10.72,10.59,,,,,,
Red 27/11/2017 Clamp Pasture silage,Red Cattle Shed,Red Cattle Shed,Red,Clamp,Silage,27/11/2017 00:00:00,27.18,13.82,1.84,,41.74,24.71,28.75,3.36,10.98,9.52,,,,,,
Blue 27/11/2017 Clamp Pasture silage,Blue Cattle Shed,Blue Cattle Shed,Blue,Clamp,Silage,27/11/2017 00:00:00,27.75,10.89,7,,40.06,24.79,27.96,2.67,11.09,9.85,,,,,,
Green 04/12/2017 Clamp Pasture silage,Green Cattle Shed,Green Cattle Shed,Green,Clamp,Silage,04/12/2017 00:00:00,28.32,14.66,2.52,,47.4,28.61,31.67,3.96,10.57,9.62,,,,,,
Red 04/12/2017 Clamp Pasture silage,Red Cattle Shed,Red Cattle Shed,Red,Clamp,Silage,04/12/2017 00:00:00,27.39,14.3,1.84,,42.11,27.32,29.93,3.56,10.81,10.05,,,,,,
Blue 04/12/2017 Clamp Pasture silage,Blue Cattle Shed,Blue Cattle Shed,Blue,Clamp,Silage,04/12/2017 00:00:00,28.07,11.08,7.07,,39.3,25.33,28.56,3.19,11,9.44,,,,,,
Green 11/12/2017 Clamp Pasture silage,Green Cattle Shed,Green Cattle Shed,Green,Clamp,Silage,11/12/2017 00:00:00,27.95,14.65,1.93,,44.09,26.2,29.72,3.45,10.84,8.61,,,,,,
Red 11/12/2017 Clamp Pasture silage,Red Cattle Shed,Red Cattle Shed,Red,Clamp,Silage,11/12/2017 00:00:00,26.64,14.7,1.78,,42.71,25.79,29.21,4.09,10.91,10.99,,,,,,
Blue 11/12/2017 Clamp Pasture silage,Blue Cattle Shed,Blue Cattle Shed,Blue,Clamp,Silage,11/12/2017 00:00:00,27.86,10.99,7.02,,38.9,24.82,28.08,3.34,11.07,9.86,,,,,,
Green 18/12/2017 Clamp Pasture silage,Green Cattle Shed,Green Cattle Shed,Green,Clamp,Silage,18/12/2017 00:00:00,29.01,14.71,1.94,,46.34,27.95,30.69,5.07,10.7,9.86,,,,,,
Red 18/12/2017 Clamp Pasture silage,Red Cattle Shed,Red Cattle Shed,Red,Clamp,Silage,18/12/2017 00:00:00,26.79,14.55,1.95,,41.76,26.1,29.03,4.4,10.94,10.25,,,,,,
Blue 18/12/2017 Clamp Pasture silage,Blue Cattle Shed,Blue Cattle Shed,Blue,Clamp,Silage,18/12/2017 00:00:00,27.81,10.81,5.71,,41.06,24.14,27.96,2.87,11.09,8.15,,,,,,
Green 25/12/2017 Clamp Pasture silage,Green Cattle Shed,Green Cattle Shed,Green,Clamp,Silage,25/12/2017 00:00:00,27.01,14.76,2.96,,45.02,27.32,30.34,4.56,10.75,8.97,,,,,,
Red 25/12/2017 Clamp Pasture silage,Red Cattle Shed,Red Cattle Shed,Red,Clamp,Silage,25/12/2017 00:00:00,26.63,14.04,1.8,,41.49,24.91,28.21,3.12,11.05,9.53,,,,,,
Blue 25/12/2017 Clamp Pasture silage,Blue Cattle Shed,Blue Cattle Shed,Blue,Clamp,Silage,25/12/2017 00:00:00,28.38,11.17,8.09,,38.06,25.4,27.98,3.74,11.08,9.13,,,,,,
Green 01/01/2018 Clamp Pasture silage,Green Cattle Shed,Green Cattle Shed,Green,Clamp,Silage,01/01/2018 00:00:00,29.63,14.89,3.2,,46.44,27.11,29.48,2,10.87,8.41,,,,,,
Red 01/01/2018 Clamp Pasture silage,Red Cattle Shed,Red Cattle Shed,Red,Clamp,Silage,01/01/2018 00:00:00,27.07,14.66,1.76,,45.39,26.58,29.67,2.56,10.85,8.74,,,,,,
Blue 01/01/2018 Clamp Pasture silage,Blue Cattle Shed,Blue Cattle Shed,Blue,Clamp,Silage,01/01/2018 00:00:00,28.83,11.83,7.78,,41.7,24.23,27.63,2.64,11.13,7.93,,,,,,
Green 08/01/2018 Clamp Pasture silage,Green Cattle Shed,Green Cattle Shed,Green,Clamp,Silage,08/01/2018 00:00:00,32.12,14.64,3.17,,46.73,24.92,29.04,2.1,10.93,8.76,,,,,,
Red 08/01/2018 Clamp Pasture silage,Red Cattle Shed,Red Cattle Shed,Red,Clamp,Silage,08/01/2018 00:00:00,27.21,14.49,1.85,,43.92,25.81,28.36,3.22,11.03,9.26,,,,,,
Blue 08/01/2018 Clamp Pasture silage,Blue Cattle Shed,Blue Cattle Shed,Blue,Clamp,Silage,08/01/2018 00:00:00,,11.8,7.62,,41.59,25.23,27.28,2.58,11.18,8.15,,,,,,
Green 29/01/2018 Clamp Pasture silage,Green Cattle Shed,Green Cattle Shed,Green,Clamp,Silage,29/01/2018 00:00:00,24.43,15.61,1.7,,45.3,25.22,28.55,2.12,11,9.17,,,,,,
Green 15/01/2018 Clamp Pasture silage,Green Cattle Shed,Green Cattle Shed,Green,Clamp,Silage,15/01/2018 00:00:00,31.86,15.27,3.24,,52.79,28.59,31.36,2.08,10.61,9.9,,,,,,
Red 15/01/2018 Clamp Pasture silage,Red Cattle Shed,Red Cattle Shed,Red,Clamp,Silage,15/01/2018 00:00:00,26.23,14.39,1.95,,46.23,26.5,27.67,1.54,11.13,9.28,,,,,,
Blue 15/01/2018 Clamp Pasture silage,Blue Cattle Shed,Blue Cattle Shed,Blue,Clamp,Silage,15/01/2018 00:00:00,28.9,12.37,8.87,,46.69,29.17,30.69,2.34,10.7,9.25,,,,,,
Green 22/01/2018 Clamp Pasture silage,Green Cattle Shed,Green Cattle Shed,Green,Clamp,Silage,22/01/2018 00:00:00,31.82,15.29,3.44,,52.79,29.4,31.1,1.69,10.65,9.28,,,,,,
Red 22/01/2018 Clamp Pasture silage,Red Cattle Shed,Red Cattle Shed,Red,Clamp,Silage,22/01/2018 00:00:00,26.93,15.2,2.22,,50.82,29.28,30.97,2.06,10.66,10.99,,,,,,
Blue 22/01/2018 Clamp Pasture silage,Blue Cattle Shed,Blue Cattle Shed,Blue,Clamp,Silage,22/01/2018 00:00:00,28.56,12.14,9.02,,47.53,26.86,28.55,1.87,11,8.43,,,,,,
Red 29/01/2018 Clamp Pasture silage,Red Cattle Shed,Red Cattle Shed,Red,Clamp,Silage,29/01/2018 00:00:00,27.7,14.32,1.45,,44.69,24.67,29.09,2.59,10.93,9.91,,,,,,
Blue 29/01/2018 Clamp Pasture silage,Blue Cattle Shed,Blue Cattle Shed,Blue,Clamp,Silage,29/01/2018 00:00:00,13.48,12.18,6.77,,41.96,23.7,27.86,3.49,11.1,9.1,,,,,,
Green 05/02/2018 Clamp Pasture silage,Green Cattle Shed,Green Cattle Shed,Green,Clamp,Silage,05/02/2018 00:00:00,25.04,15.02,1.5,,46.65,25.44,29,1.75,10.94,10.77,,,,,,
Red 05/02/2018 Clamp Pasture silage,Red Cattle Shed,Red Cattle Shed,Red,Clamp,Silage,05/02/2018 00:00:00,27.2,14.43,1.58,,44.52,25.2,29.12,3.42,10.92,9.42,,,,,,
Blue 05/02/2018 Clamp Pasture silage,Blue Cattle Shed,Blue Cattle Shed,Blue,Clamp,Silage,05/02/2018 00:00:00,28.31,12.28,6.91,,41.53,25.31,27.77,3.32,11.11,9.73,,,,,,
Green 12/02/2018 Clamp Pasture silage,Green Cattle Shed,Green Cattle Shed,Green,Clamp,Silage,12/02/2018 00:00:00,24.61,15.78,1.62,,47.36,25.18,28.7,2.16,10.98,9.83,,,,,,
Red 12/02/2018 Clamp Pasture silage,Red Cattle Shed,Red Cattle Shed,Red,Clamp,Silage,12/02/2018 00:00:00,27.59,14.53,1.48,,45.28,26.75,29.29,1.84,10.9,9.72,,,,,,
Blue 12/02/2018 Clamp Pasture silage,Blue Cattle Shed,Blue Cattle Shed,Blue,Clamp,Silage,12/02/2018 00:00:00,28.25,12.15,6.44,,41.43,23.68,27.43,2.55,11.16,9.77,,,,,,
Green 19/02/2018 Clamp Pasture silage,Green Cattle Shed,Green Cattle Shed,Green,Clamp,Silage,19/02/2018 00:00:00,24.59,15.64,1.62,,45.05,24.63,28.78,2.52,10.97,10.35,,,,,,
Red 19/02/2018 Clamp Pasture silage,Red Cattle Shed,Red Cattle Shed,Red,Clamp,Silage,19/02/2018 00:00:00,27.43,14.43,1.61,,45.11,26.47,29.12,5.61,10.92,9.6,,,,,,
Blue 19/02/2018 Clamp Pasture silage,Blue Cattle Shed,Blue Cattle Shed,Blue,Clamp,Silage,19/02/2018 00:00:00,28.84,12.03,6.71,,43.39,26.66,29.46,2.13,10.88,12.67,,,,,,
Green 26/02/2018 Clamp Pasture silage,Green Cattle Shed,Green Cattle Shed,Green,Clamp,Silage,26/02/2018 00:00:00,31.55,15.64,2.29,,45.27,27,29.14,1.57,10.92,8.38,,,,,,
Red 26/02/2018 Clamp Pasture silage,Red Cattle Shed,Red Cattle Shed,Red,Clamp,Silage,26/02/2018 00:00:00,28.81,14.68,1.37,,41.99,24.85,27.87,2.15,11.1,7.19,,,,,,
Blue 26/02/2018 Clamp Pasture silage,Blue Cattle Shed,Blue Cattle Shed,Blue,Clamp,Silage,26/02/2018 00:00:00,26.25,12.22,6.23,,42.43,25.45,28.38,1.56,11.03,8.65,,,,,,
Green 05/03/2018 Clamp Pasture silage,Green Cattle Shed,Green Cattle Shed,Green,Clamp,Silage,05/03/2018 00:00:00,35.23,14.47,4.66,,46.17,26.91,29.95,2.41,10.81,7.01,,,,,,
Red 05/03/2018 Clamp Pasture silage,Red Cattle Shed,Red Cattle Shed,Red,Clamp,Silage,05/03/2018 00:00:00,28.08,14.11,1.46,,44.81,26.08,30.39,4.59,10.75,8.16,,,,,,
Blue 05/03/2018 Clamp Pasture silage,Blue Cattle Shed,Blue Cattle Shed,Blue,Clamp,Silage,05/03/2018 00:00:00,26.2,13.12,5.67,,46.19,27.87,30.62,2.09,10.71,13.11,,,,,,
Green 12/03/2018 Clamp Pasture silage,Green Cattle Shed,Green Cattle Shed,Green,Clamp,Silage,12/03/2018 00:00:00,30.53,15.95,2.77,,48.91,27.71,31.06,1.76,10.65,7.71,,,,,,
Red 12/03/2018 Clamp Pasture silage,Red Cattle Shed,Red Cattle Shed,Red,Clamp,Silage,12/03/2018 00:00:00,26.16,15.27,2.51,,45.7,27.17,31.51,1.67,10.59,9.56,,,,,,
Blue 12/03/2018 Clamp Pasture silage,Blue Cattle Shed,Blue Cattle Shed,Blue,Clamp,Silage,12/03/2018 00:00:00,34.98,12.24,7.67,,41.03,24.69,27.42,2.05,11.16,8.13,,,,,,
Green 19/03/2018 Clamp Pasture silage,Green Cattle Shed,Green Cattle Shed,Green,Clamp,Silage,19/03/2018 00:00:00,34.34,14.32,5.38,,46.97,25.47,30.08,2.02,10.79,7.05,,,,,,
Red 19/03/2018 Clamp Pasture silage,Red Cattle Shed,Red Cattle Shed,Red,Clamp,Silage,19/03/2018 00:00:00,26.61,15.67,1.28,,44.68,25.18,28.74,1.73,10.98,7.6,,,,,,
Blue 19/03/2018 Clamp Pasture silage,Blue Cattle Shed,Blue Cattle Shed,Blue,Clamp,Silage,19/03/2018 00:00:00,42.93,11.87,8.52,,41.35,23.97,27.95,2.23,11.09,8.53,,,,,,
Green 26/03/2018 Clamp Pasture silage,Green Cattle Shed,Green Cattle Shed,Green,Clamp,Silage,26/03/2018 00:00:00,29.76,15.92,2.79,,49.49,27.07,31.21,1.38,10.63,7.38,,,,,,
Red 26/03/2018 Clamp Pasture silage,Red Cattle Shed,Red Cattle Shed,Red,Clamp,Silage,26/03/2018 00:00:00,28.67,14.56,1.49,,42.76,27.63,29.51,1.47,10.87,8.33,,,,,,
Blue 26/03/2018 Clamp Pasture silage,Blue Cattle Shed,Blue Cattle Shed,Blue,Clamp,Silage,26/03/2018 00:00:00,33.76,11.22,9.35,,40.29,23.28,27,1.47,11.22,7.02,,,,,,
Blue 16/04/2015 Longlands North Pasture,NW018,Longlands North,Blue,Grazing,Pasture,16/04/2015 00:00:00,30.49,11.18,29.4,,37.98,18.71,20.4,2.5,12.43,6.13,,,,,,
Red 16/04/2015 Longlands East Pasture,NW019,Longlands East,Red,Grazing,Pasture,16/04/2015 00:00:00,25.54,16.92,28.12,,35.67,16.75,18.6,2.52,12.76,6.62,,,,,,
Green 16/04/2015 Longlands South Pasture,NW017,Longlands South,Green,Grazing,Pasture,16/04/2015 00:00:00,24.69,21.5,18.82,,37.44,18.69,20.57,1.82,12.39,7.12,,,,,,
Red 16/04/2015 Pecketsford Pasture,NW001,Pecketsford,Red,Grazing,Pasture,16/04/2015 00:00:00,27.49,19.28,22.64,,35.88,16.59,17.36,2.41,12.99,6.89,,,,,,
Green 16/04/2015 Golden Rove Pasture,NW009,Golden Rove,Green,Grazing,Pasture,16/04/2015 00:00:00,27.2,23.32,17.61,,35.79,16.9,17.79,1.82,12.91,6.33,,,,,,
Blue 16/04/2015 Lower Wyke Moor Pasture,NW012,Lower Wyke Moor,Blue,Grazing,Pasture,16/04/2015 00:00:00,25.29,22.86,22.84,,32.28,15.46,16.94,1.73,13.07,6.36,,,,,,
Green 16/04/2015 Dairy North Pasture,NW016,Dairy North,Green,Grazing,Pasture,16/04/2015 00:00:00,26.35,22.71,20.78,,35.33,15.45,16.41,1.59,13.16,6.38,,,,,,
Blue 16/04/2015 Dairy East Pasture,NW014,Dairy East,Blue,Grazing,Pasture,16/04/2015 00:00:00,24.16,21.6,21.57,,33.75,15.81,17.48,2.1,12.97,7.25,,,,,,
Red 16/04/2015 Lower Wheaty Pasture,NW015,Lower Wheaty,Red,Grazing,Pasture,16/04/2015 00:00:00,26.58,25.3,18.37,,37.39,16.79,18.66,2.29,12.75,6.25,,,,,,
Blue 01/05/2015 Longlands North Pasture,NW018,Longlands North,Blue,Grazing,Pasture,01/05/2015 00:00:00,31.14,10.81,27.7,,38.97,20.34,21.94,2.74,12.14,6.86,,,,,,
Red 01/05/2015 Longlands East Pasture,NW019,Longlands East,Red,Grazing,Pasture,01/05/2015 00:00:00,27.83,16,27.22,,36.14,17.8,19.28,2.5,12.63,6.67,,,,,,
Green 01/05/2015 Longlands South Pasture,NW017,Longlands South,Green,Grazing,Pasture,01/05/2015 00:00:00,27.23,21.88,15.99,,39.01,18.77,19.79,2.18,12.54,7.58,,,,,,
Red 01/05/2015 Pecketsford Pasture,NW001,Pecketsford,Red,Grazing,Pasture,01/05/2015 00:00:00,27.87,21.74,21.52,,36.86,17.5,19.16,1.87,12.66,6.96,,,,,,
Green 01/05/2015 Golden Rove Pasture,NW009,Golden Rove,Green,Grazing,Pasture,01/05/2015 00:00:00,29.84,20.38,19.49,,36.22,16.69,17.49,2,12.96,6.96,,,,,,
Blue 01/05/2015 Lower Wyke Moor Pasture,NW012,Lower Wyke Moor,Blue,Grazing,Pasture,01/05/2015 00:00:00,25.06,23.27,20.72,,35.49,16.89,17.78,1.4,12.91,7.18,,,,,,
Green 01/05/2015 Dairy North Pasture,NW016,Dairy North,Green,Grazing,Pasture,01/05/2015 00:00:00,26.49,23.14,18.53,,35.86,16.16,17,1.43,13.06,7.03,,,,,,
Blue 01/05/2015 Dairy East Pasture,NW014,Dairy East,Blue,Grazing,Pasture,01/05/2015 00:00:00,24.73,22.78,17.44,,36.04,16.22,19.18,2.05,12.65,7.72,,,,,,
Red 01/05/2015 Lower Wheaty Pasture,NW015,Lower Wheaty,Red,Grazing,Pasture,01/05/2015 00:00:00,24.07,20.25,17.64,,41.03,17.95,19.75,2.63,12.55,7.98,,,,,,
Blue 15/05/2015 Longlands North Pasture,NW018,Longlands North,Blue,Grazing,Pasture,15/05/2015 00:00:00,23.89,14.9,17.91,,45.34,23.05,24.71,2.41,11.63,7.55,,,,,,
Red 15/05/2015 Longlands East Pasture,NW019,Longlands East,Red,Grazing,Pasture,15/05/2015 00:00:00,21.54,20.04,16.52,,44.71,20.52,22.14,2.81,12.1,7.59,,,,,,
Green 15/05/2015 Longlands South Pasture,NW017,Longlands South,Green,Grazing,Pasture,15/05/2015 00:00:00,19.77,22.56,13.16,,41.74,21.15,22.8,3.19,11.98,8.59,,,,,,
Red 15/05/2015 Pecketsford Pasture,NW001,Pecketsford,Red,Grazing,Pasture,15/05/2015 00:00:00,21.85,20.81,16.3,,37.5,18.58,21.23,3.17,12.27,8.28,,,,,,
Green 15/05/2015 Golden Rove Pasture,NW009,Golden Rove,Green,Grazing,Pasture,15/05/2015 00:00:00,23.96,19.48,14.66,,43.6,19.96,21.32,2.72,12.26,7.71,,,,,,
Blue 15/05/2015 Lower Wyke Moor Pasture,NW012,Lower Wyke Moor,Blue,Grazing,Pasture,15/05/2015 00:00:00,21.37,21.6,16.61,,40.47,18.73,19.98,1.86,12.5,8.15,,,,,,
Green 19/05/2015 Dairy North Pasture,NW016,Dairy North,Green,Grazing,Pasture,19/05/2015 00:00:00,23.18,19.6,18.94,,39.71,18.88,20.14,3.36,12.47,7.68,,,,,,
Blue 19/05/2015 Dairy East Pasture,NW014,Dairy East,Blue,Grazing,Pasture,19/05/2015 00:00:00,21.75,20.4,18.51,,39.34,17.63,18.9,2.23,12.7,7.96,,,,,,
Red 19/05/2015 Lower Wheaty Pasture,NW015,Lower Wheaty,Red,Grazing,Pasture,19/05/2015 00:00:00,22.08,22.76,14.21,,40.98,18.63,19.79,2.57,12.54,8.39,,,,,,
Blue 27/05/2015 Middle Wyke Moor Pasture,NW011,Middle Wyke Moor,Blue,Grazing,Pasture,27/05/2015 00:00:00,24.41,18.56,18.32,,33.62,14.2,16.03,1.8,13.23,6.97,,,,,,
Red 27/05/2015 Longlands East Pasture,NW019,Longlands East,Red,Grazing,Pasture,27/05/2015 00:00:00,24.64,18.57,17.49,,37.96,18.84,21.33,2.13,12.25,8.14,,,,,,
Green 27/05/2015 Longlands South Pasture,NW017,Longlands South,Green,Grazing,Pasture,27/05/2015 00:00:00,23.57,19.64,15.66,,39.73,20.14,21.67,2.35,12.19,8.19,,,,,,
Red 27/05/2015 Pecketsford Pasture,NW001,Pecketsford,Red,Grazing,Pasture,27/05/2015 00:00:00,26.92,16.22,20.01,,36.17,16.79,18.89,2.08,12.7,7.59,,,,,,
Green 27/05/2015 Golden Rove Pasture,NW009,Golden Rove,Green,Grazing,Pasture,27/05/2015 00:00:00,26.22,18.28,32.65,,36.16,17.64,18.74,2.45,12.73,6.76,,,,,,
Blue 27/05/2015 Lower Wyke Moor Pasture,NW012,Lower Wyke Moor,Blue,Grazing,Pasture,27/05/2015 00:00:00,23.44,20.29,17.77,,39.1,17.08,18.72,2.13,12.74,7.7,,,,,,
Green 01/06/2015 Dairy North Pasture,NW016,Dairy North,Green,Grazing,Pasture,01/06/2015 00:00:00,20.97,23.13,15.29,,42.62,19.67,20.9,2.28,12.33,7.94,,,,,,
Blue 01/06/2015 Dairy East Pasture,NW014,Dairy East,Blue,Grazing,Pasture,01/06/2015 00:00:00,20.66,21.71,14.86,,39.37,18.54,20.49,2.4,12.41,8.66,,,,,,
Red 01/06/2015 Lower Wheaty Pasture,NW015,Lower Wheaty,Red,Grazing,Pasture,01/06/2015 00:00:00,19.81,21.03,16.16,,40.96,18.97,20.94,2.4,12.33,8.68,,,,,,
Blue 12/06/2015 Middle Wyke Moor Pasture,NW011,Middle Wyke Moor,Blue,Grazing,Pasture,12/06/2015 00:00:00,14.57,18.11,14.95,,32.29,17.87,20.03,3.02,12.49,7.4,,,,,,
Red 12/06/2015 Longlands East Pasture,NW019,Longlands East,Red,Grazing,Pasture,12/06/2015 00:00:00,20.97,17.76,16.95,,42.57,20.03,22.43,2.33,12.05,7.91,,,,,,
Green 12/06/2015 Longlands South Pasture,NW017,Longlands South,Green,Grazing,Pasture,12/06/2015 00:00:00,19.61,20.91,22.82,,43.66,21.19,22.35,3.05,12.06,8.33,,,,,,
Red 12/06/2015 Pecketsford Pasture,NW001,Pecketsford,Red,Grazing,Pasture,12/06/2015 00:00:00,13.53,19.81,16.57,,41.9,19.29,21.12,2.42,12.29,8.36,,,,,,
Green 12/06/2015 Golden Rove Pasture,NW009,Golden Rove,Green,Grazing,Pasture,12/06/2015 00:00:00,14.77,18.1,17.35,,42.39,20.23,21.09,3.02,12.3,7.85,,,,,,
Blue 12/06/2015 Lower Wyke Moor Pasture,NW012,Lower Wyke Moor,Blue,Grazing,Pasture,12/06/2015 00:00:00,13.84,18.63,16.71,,42,19.97,20.94,2.76,12.33,7.83,,,,,,
Green 12/06/2015 Dairy North Pasture,NW016,Dairy North,Green,Grazing,Pasture,12/06/2015 00:00:00,20.84,20.24,16.54,,41.57,19.75,20.92,3.19,12.33,7.93,,,,,,
Blue 12/06/2015 Dairy East Pasture,NW014,Dairy East,Blue,Grazing,Pasture,12/06/2015 00:00:00,19.96,22.22,14.79,,41.26,20.04,21.19,3.55,12.28,8.01,,,,,,
Red 12/06/2015 Lower Wheaty Pasture,NW015,Lower Wheaty,Red,Grazing,Pasture,12/06/2015 00:00:00,13.23,20.26,15.47,,39.69,19.88,20.85,2.74,12.34,8.64,,,,,,
Blue 25/06/2015 Longlands North Pasture,NW018,Longlands North,Blue,Grazing,Pasture,25/06/2015 00:00:00,23.34,13.67,17.5,,43.58,23.16,25.93,2.77,11.4,8.21,,,,,,
Red 25/06/2015 Longlands East Pasture,NW019,Longlands East,Red,Grazing,Pasture,25/06/2015 00:00:00,24.59,18.18,15.76,,43.9,19.87,22.52,4.51,12.03,7.68,,,,,,
Green 25/06/2015 Longlands South Pasture,NW017,Longlands South,Green,Grazing,Pasture,25/06/2015 00:00:00,22.55,23.79,12.76,,42.51,20.56,21.76,3.06,12.18,8.45,,,,,,
Green 26/06/2015 Dairy North Pasture,NW016,Dairy North,Green,Grazing,Pasture,26/06/2015 00:00:00,22.04,25.98,9.65,,40.66,20.54,22.65,4.32,12.01,8.25,,,,,,
Blue 26/06/2015 Dairy East Pasture,NW014,Dairy East,Blue,Grazing,Pasture,26/06/2015 00:00:00,20.32,26.72,10.38,,41.81,18.72,20.55,3.23,12.4,8.64,,,,,,
Red 26/06/2015 Lower Wheaty Pasture,NW015,Lower Wheaty,Red,Grazing,Pasture,26/06/2015 00:00:00,19.8,24.2,10.01,,42.1,19.5,21.65,3.22,12.19,8.57,,,,,,
Red 26/06/2015 Pecketsford Pasture,NW001,Pecketsford,Red,Grazing,Pasture,26/06/2015 00:00:00,21.77,21.2,17.27,,40.96,19.71,21.88,3.01,12.15,8.62,,,,,,
Green 26/06/2015 Golden Rove Pasture,NW009,Golden Rove,Green,Grazing,Pasture,26/06/2015 00:00:00,20.75,20,14.45,,45.79,21.11,22.11,3.74,12.11,7.82,,,,,,
Blue 26/06/2015 Lower Wyke Moor Pasture,NW012,Lower Wyke Moor,Blue,Grazing,Pasture,26/06/2015 00:00:00,21.65,22.35,15.91,,43.72,19.33,21.48,3.27,12.23,7.88,,,,,,
Blue 16/07/2015 Higher Wyke Moor Pasture,NW010,Higher Wyke Moor,Blue,Grazing,Pasture,16/07/2015 00:00:00,18.71,27.74,11.6,,28.76,17.24,18.8,4.16,12.72,8.21,,,,,,
Red 16/07/2015 Poor Field Pasture,NW003,Poor Field,Red,Grazing,Pasture,16/07/2015 00:00:00,20.84,14.52,20.74,,40.5,21,23.08,3.06,11.93,9.01,,,,,,
Green 16/07/2015 Orchard Dean Pasture,NW008,Orchard Dean,Green,Grazing,Pasture,16/07/2015 00:00:00,23.73,21.4,14.19,,44.56,20.31,21.42,3.6,12.24,8.08,,,,,,
Blue 16/07/2015 Middle Wyke Moor Pasture,NW011,Middle Wyke Moor,Blue,Grazing,Pasture,16/07/2015 00:00:00,22.2,24.4,13.44,,35.95,20.1,21.81,4.45,12.16,8.04,,,,,,
Red 17/07/2015 Ware Park Pasture,NW004,Ware Park,Red,Grazing,Pasture,17/07/2015 00:00:00,23.33,17.53,19.49,,43.69,22.4,24.84,3.56,11.6,9.43,,,,,,
Green 17/07/2015 Dairy North Pasture,NW016,Dairy North,Green,Grazing,Pasture,17/07/2015 00:00:00,24.49,22.76,15.65,,44.21,19.65,20.68,2.61,12.37,7.92,,,,,,
Blue 29/07/2015 Dairy South Pasture,NW013,Dairy South,Blue,Grazing,Pasture,29/07/2015 00:00:00,24.22,14.6,18.41,,40.06,20.78,23.73,2.93,11.81,8.93,,,,,,
Red 29/07/2015 Great Field Pasture,NW002,Great Field,Red,Grazing,Pasture,29/07/2015 00:00:00,25.46,19.02,19.45,,45,20.48,24.16,2.34,11.73,7.83,,,,,,
Green 29/07/2015 Orchard Dean Pasture,NW008,Orchard Dean,Green,Grazing,Pasture,29/07/2015 00:00:00,24.32,22.68,18.61,,43.8,19.84,20.97,3.2,12.32,7.66,,,,,,
Blue 29/07/2015 Middle Wyke Moor Pasture,NW011,Middle Wyke Moor,Blue,Grazing,Pasture,29/07/2015 00:00:00,24.94,23.3,15.3,,36.52,18.73,21.08,2.96,12.3,7.75,,,,,,
Red 29/07/2015 Ware Park Pasture,NW004,Ware Park,Red,Grazing,Pasture,29/07/2015 00:00:00,21.93,22.23,17.62,,40.9,21.06,23.3,2.41,11.89,8.96,,,,,,
Green 29/07/2015 Dairy North Pasture,NW016,Dairy North,Green,Grazing,Pasture,29/07/2015 00:00:00,28.89,21.62,16.92,,46.64,20.02,21.02,3.48,12.31,7.1,,,,,,
Blue 12/08/2015 Dairy South Pasture,NW013,Dairy South,Blue,Grazing,Pasture,12/08/2015 00:00:00,24.28,16.24,22.93,,39.32,20.19,21.61,2.13,12.2,8.34,,,,,,
Red 12/08/2015 Great Field Pasture,NW002,Great Field,Red,Grazing,Pasture,12/08/2015 00:00:00,25.39,18.91,21.12,,36.79,18.8,19.98,2.95,12.5,8.16,,,,,,
Green 12/08/2015 Orchard Dean Pasture,NW008,Orchard Dean,Green,Grazing,Pasture,12/08/2015 00:00:00,25.43,21.39,15.87,,38.27,18.65,19.82,2.76,12.53,7.52,,,,,,
Blue 12/08/2015 Middle Wyke Moor Pasture,NW011,Middle Wyke Moor,Blue,Grazing,Pasture,12/08/2015 00:00:00,19.58,23.87,13.43,,36.94,17.86,19.59,3,12.58,8.07,,,,,,
Red 12/08/2015 Ware Park Pasture,NW004,Ware Park,Red,Grazing,Pasture,12/08/2015 00:00:00,22.34,21.79,17.18,,37.83,19.58,20.59,2.22,12.39,8.86,,,,,,
Green 17/08/2015 Dairy North Pasture,NW016,Dairy North,Green,Grazing,Pasture,17/08/2015 00:00:00,22.91,23.8,13.05,,43.71,18.8,20.02,2.71,12.5,8.16,,,,,,
Blue 01/09/2015 Longlands North Pasture,NW018,Longlands North,Blue,Grazing,Pasture,01/09/2015 00:00:00,20.61,19.34,12.35,,43.88,24.57,25.81,3.07,11.43,8.93,,,,,,
Green 01/09/2015 Burrows  Pasture,NW006,Burrows,Green,Grazing,Pasture,01/09/2015 00:00:00,22.05,24.25,14.69,,36.67,19.18,20.34,3.1,12.44,8.81,,,,,,
Red 01/09/2015 Poor Field Pasture,NW003,Poor Field,Red,Grazing,Pasture,01/09/2015 00:00:00,21.12,21.61,15.76,,39.52,21.15,22.29,2.89,12.08,9.52,,,,,,
Blue 01/09/2015 Middle Wyke Moor Pasture,NW011,Middle Wyke Moor,Blue,Grazing,Pasture,01/09/2015 00:00:00,18.19,27,14.31,,32.7,19.3,20.85,3.51,12.34,9.48,,,,,,
Green 01/09/2015 Dairy North Pasture,NW016,Dairy North,Green,Grazing,Pasture,01/09/2015 00:00:00,19.44,26.42,12.86,,40.47,21.92,23.23,5.05,11.9,9.45,,,,,,
Red 01/09/2015 Ware Park Pasture,NW004,Ware Park,Red,Grazing,Pasture,01/09/2015 00:00:00,20.73,24.47,14.91,,37.91,20.95,22.24,2.62,12.08,9.54,,,,,,
Blue 25/09/2015 Longlands North Pasture,NW018,Longlands North,Blue,Grazing,Pasture,25/09/2015 00:00:00,21.01,21.34,15.51,,42.87,23.67,25.23,3.84,11.53,9.26,,,,,,
Red 25/09/2015 Longlands East Pasture,NW019,Longlands East,Red,Grazing,Pasture,25/09/2015 00:00:00,21.16,19.34,18.14,,49.25,23.93,25.31,3.8,11.52,8.46,,,,,,
Green 25/09/2015 Longlands South Pasture,NW017,Longlands South,Green,Grazing,Pasture,25/09/2015 00:00:00,17.72,20.02,17.38,,44.53,22.83,24.22,2.99,11.72,9.18,,,,,,
Blue 29/09/2015 Higher Wyke Moor Pasture,NW010,Higher Wyke Moor,Blue,Grazing,Pasture,29/09/2015 00:00:00,21.72,21.78,15.77,,39.76,21.87,23.76,5.15,11.8,12.45,,,,,,
Red 29/09/2015 Poor Field Pasture,NW003,Poor Field,Red,Grazing,Pasture,29/09/2015 00:00:00,25.63,14.83,22.89,,46.81,23.57,25.06,3.39,11.56,10.87,,,,,,
Green 29/09/2015 Orchard Dean South Pasture,NW046,Orchard Dean South,Green,Grazing,Pasture,29/09/2015 00:00:00,22.86,20.17,17.35,,44.08,21.24,22.79,3.83,11.98,8.12,,,,,,
Blue 29/04/2016 Dairy South Pasture,NW013,Dairy South,Blue,Grazing,Pasture,29/04/2016 00:00:00,29.39,13.52,36.35,,32.43,14.28,16.52,0.99,13.14,6.01,,,,,,
Red 29/04/2016 Great Field Pasture,NW002,Great Field,Red,Grazing,Pasture,29/04/2016 00:00:00,30.45,13.58,36.52,,32.99,15.1,16.14,0.95,13.21,5.77,,,,,,
Green 29/04/2016 Orchard Dean South Pasture,NW046,Orchard Dean South,Green,Grazing,Pasture,29/04/2016 00:00:00,26.65,19.92,22.82,,42.37,17.57,18.52,2.13,12.77,7.62,,,,,,
Green 28/04/2016 Longlands South Pasture,NW017,Longlands South,Green,Grazing,Pasture,28/04/2016 00:00:00,33.51,13.48,29.75,,40.6,17.74,18.65,1.41,12.75,6.16,,,,,,
Blue 28/04/2016 Longlands North Pasture,NW018,Longlands North,Blue,Grazing,Pasture,28/04/2016 00:00:00,32.84,12.52,33.28,,35.7,18.13,19.62,2.17,12.57,5.92,,,,,,
Red 28/04/2016 Longlands East Pasture,NW019,Longlands East,Red,Grazing,Pasture,28/04/2016 00:00:00,30.95,16.09,29.7,,36.46,16.86,17.83,1.17,12.9,6.41,,,,,,
Blue 29/04/2016 Dairy Corner Pasture,NW039,Dairy Corner,Blue,Grazing,Pasture,29/04/2016 00:00:00,30.55,12.58,36.35,,33.1,15,16.04,1.13,13.23,6.04,,,,,,
Red 29/04/2016 Little Pecketsford Pasture,NW038,Little Pecketsford,Red,Grazing,Pasture,29/04/2016 00:00:00,28.87,14.02,36.31,,34.03,16.01,17.38,1.68,12.99,6.18,,,,,,
Green 13/05/2016 Longlands South Pasture,NW017,Longlands South,Green,Grazing,Pasture,13/05/2016 00:00:00,26.67,17.83,18.02,,45.92,21.84,23.33,2.65,11.88,7.7,,,,,,
Blue 13/05/2016 Longlands North Pasture,NW018,Longlands North,Blue,Grazing,Pasture,13/05/2016 00:00:00,29.76,12.25,28.68,,38.22,20.23,21.8,2.47,12.17,6.25,,,,,,
Red 13/05/2016 Longlands East Pasture,NW019,Longlands East,Red,Grazing,Pasture,13/05/2016 00:00:00,25.57,16.48,21.76,,38.23,20,21.52,2.44,12.22,7.39,,,,,,
Green 13/05/2016 Bottom Burrows Pasture,NW005,Bottom Burrows,Green,Grazing,Pasture,13/05/2016 00:00:00,23.81,19.46,21.42,,35.2,18.51,20.07,2.58,12.49,7.49,,,,,,
Green 16/05/2016 Orchard Dean South Pasture,NW046,Orchard Dean South,Green,Grazing,Pasture,16/05/2016 00:00:00,24.91,23.27,16.71,,41.01,19.45,21.17,2.19,12.28,7.57,,,,,,
Red 16/05/2016 Poor Field Pasture,NW003,Poor Field,Red,Grazing,Pasture,16/05/2016 00:00:00,26.46,16.85,29,,38.82,18.87,20.3,1.88,12.45,5.82,,,,,,
Blue 16/05/2016 Higher Wyke Moor Pasture,NW010,Higher Wyke Moor,Blue,Grazing,Pasture,16/05/2016 00:00:00,26,16.57,25.31,,34.24,17.23,19.27,1.49,12.63,6.46,,,,,,
Green 26/05/2016 Longlands South Pasture,NW017,Longlands South,Green,Grazing,Pasture,26/05/2016 00:00:00,24.42,21.82,17.55,,37.44,19.14,20.81,3,12.35,7.6,,,,,,
Blue 26/05/2016 Longlands North Pasture,NW018,Longlands North,Blue,Grazing,Pasture,26/05/2016 00:00:00,29.57,12.94,24.97,,43.11,21.6,22.96,3.07,11.95,7.1,,,,,,
Red 26/05/2016 Longlands East Pasture,NW019,Longlands East,Red,Grazing,Pasture,26/05/2016 00:00:00,26.15,18.73,21.62,,41.63,20.31,21.72,2.39,12.18,7.42,,,,,,
Green 27/05/2016 Bottom Burrows Pasture,NW005,Bottom Burrows,Green,Grazing,Pasture,27/05/2016 00:00:00,22.81,22.11,18.18,,39.67,20.38,22.69,3.25,12,7.53,,,,,,
Green 27/05/2016 Orchard Dean South Pasture,NW046,Orchard Dean South,Green,Grazing,Pasture,27/05/2016 00:00:00,22.57,24.68,15.18,,41,19.88,22.47,3.19,12.04,7.79,,,,,,
Red 27/05/2016 Poor Field Pasture,NW003,Poor Field,Red,Grazing,Pasture,27/05/2016 00:00:00,22.05,16.8,20.73,,42.86,22.11,23.7,2.77,11.82,7.48,,,,,,
Blue 27/05/2016 Higher Wyke Moor Pasture,NW010,Higher Wyke Moor,Blue,Grazing,Pasture,27/05/2016 00:00:00,23.08,19.88,20.73,,37.69,19.43,20.93,2.19,12.33,7.39,,,,,,
Green 09/06/2016 Longlands South Pasture,NW017,Longlands South,Green,Grazing,Pasture,09/06/2016 00:00:00,26.06,18.11,17.67,,43.49,21.08,22.41,3.24,12.05,7.98,,,,,,
Blue 09/06/2016 Longlands North Pasture,NW018,Longlands North,Blue,Grazing,Pasture,09/06/2016 00:00:00,29.14,13.32,21.89,,45.51,23.75,25.64,4.29,11.46,7.79,,,,,,
Red 09/06/2016 Longlands East Pasture,NW019,Longlands East,Red,Grazing,Pasture,09/06/2016 00:00:00,26.33,18.35,20.42,,44.49,20.93,22.46,2.96,12.05,7.56,,,,,,
Green 09/06/2016 Orchard Dean South Pasture,NW046,Orchard Dean South,Green,Grazing,Pasture,09/06/2016 00:00:00,25.27,20.58,18.71,,43.26,20.92,22.51,2.83,12.04,7.71,,,,,,
Red 09/06/2016 Poor Field Pasture,NW003,Poor Field,Red,Grazing,Pasture,09/06/2016 00:00:00,23.51,15.83,19.89,,46.56,24.21,26.14,3.18,11.36,7.98,,,,,,
Blue 09/06/2016 Higher Wyke Moor Pasture,NW010,Higher Wyke Moor,Blue,Grazing,Pasture,09/06/2016 00:00:00,23.48,21.01,17.72,,46.93,22.27,23.56,3.37,11.84,8.15,,,,,,
Green 22/06/2016 Dairy North Pasture,NW016,Dairy North,Green,Grazing,Pasture,22/06/2016 00:00:00,19.75,21.85,14.37,,44.05,22.81,24.02,2.13,11.76,8.69,,,,,,
Blue 22/06/2016 Dairy East Pasture,NW014,Dairy East,Blue,Grazing,Pasture,22/06/2016 00:00:00,24.76,11.33,20.16,,48.11,27.24,29.23,3.93,10.79,7.03,,,,,,
Red 22/06/2016 Lower Wheaty Pasture,NW015,Lower Wheaty,Red,Grazing,Pasture,22/06/2016 00:00:00,23.85,13.34,32.31,,36.14,20.01,21.3,1.81,12.26,7.51,,,,,,
Green 24/06/2016 Longlands South Pasture,NW017,Longlands South,Green,Grazing,Pasture,24/06/2016 00:00:00,21.97,26.12,16.32,,40.52,19.84,21.35,2.71,12.25,8.71,,,,,,
Blue 24/06/2016 Longlands North Pasture,NW018,Longlands North,Blue,Grazing,Pasture,24/06/2016 00:00:00,26.07,19.14,18.56,,46.09,22.4,24.04,4.21,11.75,8.94,,,,,,
Red 24/06/2016 Longlands East Pasture,NW019,Longlands East,Red,Grazing,Pasture,24/06/2016 00:00:00,25.11,21.4,19.04,,45.27,21.87,23.2,3.06,11.91,7.89,,,,,,
Red 13/07/2016 Ware Park Pasture,NW004,Ware Park,Red,Grazing,Pasture,13/07/2016 00:00:00,21.64,16.11,26.99,,39.19,22.3,24.07,2.92,11.75,9.2,,,,,,
Green 13/07/2016 Orchard Dean North Pasture,NW045,Orchard Dean North,Green,Grazing,Pasture,13/07/2016 00:00:00,22.23,17.15,18.25,,41.26,23.36,25.61,3.14,11.46,8.77,,,,,,
Blue 14/07/2016 Middle Wyke Moor Pasture,NW011,Middle Wyke Moor,Blue,Grazing,Pasture,14/07/2016 00:00:00,19.03,20.94,16.17,,32.82,20.3,21.88,3.42,12.15,9.7,,,,,,
Green 13/07/2016 Longlands South Pasture,NW017,Longlands South,Green,Grazing,Pasture,13/07/2016 00:00:00,21.09,24,15.43,,38.37,21.52,24.64,3.76,11.64,8.94,,,,,,
Blue 13/07/2016 Longlands North Pasture,NW018,Longlands North,Blue,Grazing,Pasture,13/07/2016 00:00:00,25.55,19.72,14.34,,46.98,22.57,23.96,4.54,11.77,9.63,,,,,,
Red 13/07/2016 Longlands East Pasture,NW019,Longlands East,Red,Grazing,Pasture,13/07/2016 00:00:00,21.04,23.04,16.07,,43.97,21.28,22.65,3.04,12.01,9.63,,,,,,
Green 14/07/2016 Dairy North Pasture,NW016,Dairy North,Green,Grazing,Pasture,14/07/2016 00:00:00,20.61,21.87,15.06,,38.04,20.43,22.42,3.55,12.05,8.59,,,,,,
Blue 14/07/2016 Dairy East Pasture,NW014,Dairy East,Blue,Grazing,Pasture,14/07/2016 00:00:00,33.46,14.23,16.01,,45.18,24.12,25.5,3.18,11.48,8.24,,,,,,
Red 13/07/2016 Lower Wheaty Pasture,NW015,Lower Wheaty,Red,Grazing,Pasture,13/07/2016 00:00:00,23.24,16.69,22.07,,36.64,18.47,19.73,2.19,12.55,8.97,,,,,,
Red 25/07/2016 Ware Park Pasture,NW004,Ware Park,Red,Grazing,Pasture,25/07/2016 00:00:00,26.43,20.54,20.21,,45.32,22.97,24.45,4.05,11.68,9.43,,,,,,
Green 25/07/2016 Orchard Dean North Pasture,NW045,Orchard Dean North,Green,Grazing,Pasture,25/07/2016 00:00:00,27.97,17.22,17.45,,46.6,23.57,25.15,3.95,11.55,8.71,,,,,,
Blue 25/07/2016 Middle Wyke Moor Pasture,NW011,Middle Wyke Moor,Blue,Grazing,Pasture,25/07/2016 00:00:00,23.35,19.5,16.51,,40.07,21.56,22.94,3.16,11.96,9.46,,,,,,
Green 27/07/2016 Longlands South Pasture,NW017,Longlands South,Green,Grazing,Pasture,27/07/2016 00:00:00,19.75,26.61,12.36,,46.28,22.27,23.64,3.84,11.83,8.64,,,,,,
Blue 27/07/2016 Longlands North Pasture,NW018,Longlands North,Blue,Grazing,Pasture,27/07/2016 00:00:00,20.92,20.67,13.31,,47.28,22.77,24.03,4.58,11.75,9.04,,,,,,
Red 27/07/2016 Longlands East Pasture,NW019,Longlands East,Red,Grazing,Pasture,27/07/2016 00:00:00,22.49,24.67,14.26,,45.87,21.44,22.61,3.25,12.02,8.52,,,,,,
Green 25/07/2016 Dairy North Pasture,NW016,Dairy North,Green,Grazing,Pasture,25/07/2016 00:00:00,24.02,22.47,13.05,,46.54,22.53,23.83,4.01,11.79,8.15,,,,,,
Blue 25/07/2016 Dairy East Pasture,NW014,Dairy East,Blue,Grazing,Pasture,25/07/2016 00:00:00,31.08,14.6,16.47,,46.36,26.06,28.61,3.66,10.91,7.88,,,,,,
Red 25/07/2016 Lower Wheaty Pasture,NW015,Lower Wheaty,Red,Grazing,Pasture,25/07/2016 00:00:00,24.31,17.06,17.95,,45.15,23.09,24.47,2.9,11.67,8.8,,,,,,
Red 17/08/2016 Pecketsford Pasture,NW001,Pecketsford,Red,Grazing,Pasture,17/08/2016 00:00:00,23.63,16.01,17.28,,44.16,22.34,24.63,3.78,11.64,9.26,,,,,,
Green 17/08/2016 Orchard Dean North Pasture,NW045,Orchard Dean North,Green,Grazing,Pasture,17/08/2016 00:00:00,29.4,17.99,16.64,,48,22.25,23.81,4.76,11.8,8.42,,,,,,
Green 17/08/2016 Golden Rove Pasture,NW009,Golden Rove,Green,Grazing,Pasture,17/08/2016 00:00:00,29.77,16.07,8.97,,53.98,28.21,30.13,6.63,10.63,7.84,,,,,,
Blue 17/08/2016 Middle Wyke Moor Pasture,NW011,Middle Wyke Moor,Blue,Grazing,Pasture,17/08/2016 00:00:00,24.57,19.07,16.23,,41.16,21.23,22.41,3.1,12.05,8.94,,,,,,
Green 17/08/2016 Longlands South Pasture,NW017,Longlands South,Green,Grazing,Pasture,17/08/2016 00:00:00,24.04,22.51,13.02,,45.87,21.62,23.01,4.67,11.94,8.69,,,,,,
Blue 17/08/2016 Longlands North Pasture,NW018,Longlands North,Blue,Grazing,Pasture,17/08/2016 00:00:00,24.51,19.09,15.07,,42.54,21.49,22.5,4.16,12.04,9.23,,,,,,
Red 17/08/2016 Longlands East Pasture,NW019,Longlands East,Red,Grazing,Pasture,17/08/2016 00:00:00,26.63,19.32,18.52,,44.55,20.29,21.25,3.88,12.27,8.52,,,,,,
Green 18/08/2016 Dairy North Pasture,NW016,Dairy North,Green,Grazing,Pasture,18/08/2016 00:00:00,26.47,18.33,15.26,,46.99,19.97,23.49,3.72,11.85,7.65,,,,,,
Blue 18/08/2016 Dairy East Pasture,NW014,Dairy East,Blue,Grazing,Pasture,18/08/2016 00:00:00,31.12,13.91,17.28,,51.06,26.02,27.45,3.28,11.12,7.78,,,,,,
Red 18/08/2016 Lower Wheaty Pasture,NW015,Lower Wheaty,Red,Grazing,Pasture,18/08/2016 00:00:00,27.57,16.36,18.6,,49.12,24.05,25.44,2.71,11.49,8.42,,,,,,
Red 30/08/2016 Pecketsford Pasture,NW001,Pecketsford,Red,Grazing,Pasture,30/08/2016 00:00:00,23.99,18.58,18.22,,45.62,23.17,24.5,3.88,11.67,8.49,,,,,,
Green 30/08/2016 Bottom Burrows Pasture,NW005,Bottom Burrows,Green,Grazing,Pasture,30/08/2016 00:00:00,24.89,19.06,15.85,,46.88,23.11,24.56,4.29,11.66,8.44,,,,,,
Blue 30/08/2016 Middle Wyke Moor Pasture,NW011,Middle Wyke Moor,Blue,Grazing,Pasture,30/08/2016 00:00:00,25,22.35,15.33,,42.52,20.97,22.02,3.38,12.13,8.95,,,,,,
Green 02/09/2016 Longlands South Pasture,NW017,Longlands South,Green,Grazing,Pasture,02/09/2016 00:00:00,22.25,23.14,11.6,,49.02,22.51,23.86,3.92,11.79,8.86,,,,,,
Blue 02/09/2016 Longlands North Pasture,NW018,Longlands North,Blue,Grazing,Pasture,02/09/2016 00:00:00,22.65,24.5,10.71,,47.16,24.57,26.16,5.34,11.36,9.77,,,,,,
Red 02/09/2016 Longlands East Pasture,NW019,Longlands East,Red,Grazing,Pasture,02/09/2016 00:00:00,19.89,23.02,12.42,,45.42,23.26,24.33,4.41,11.7,9.19,,,,,,
Green 02/09/2016 Dairy North Pasture,NW016,Dairy North,Green,Grazing,Pasture,02/09/2016 00:00:00,20.8,20.31,12.97,,49.24,23.65,24.82,3.8,11.61,8.1,,,,,,
Blue 02/09/2016 Dairy East Pasture,NW014,Dairy East,Blue,Grazing,Pasture,02/09/2016 00:00:00,25.14,19.03,12.52,,49.26,25.97,27.22,3.78,11.16,8.21,,,,,,
Red 02/09/2016 Lower Wheaty Pasture,NW015,Lower Wheaty,Red,Grazing,Pasture,02/09/2016 00:00:00,23.1,18.58,13.62,,50.1,25.17,26.13,3.21,11.37,8.42,,,,,,
Blue 12/09/2016 Middle Wyke Moor Pasture,NW011,Middle Wyke Moor,Blue,Grazing,Pasture,12/09/2016 00:00:00,20.24,23.2,11.41,,41.01,23.01,24.17,4.35,11.73,9.34,,,,,,
Green 12/09/2016 Golden Rove Pasture,NW009,Golden Rove,Green,Grazing,Pasture,12/09/2016 00:00:00,25.12,16.74,12.29,,49.96,25.99,28.05,5.16,11.01,8.02,,,,,,
Green 15/09/2016 Longlands South Pasture,NW017,Longlands South,Green,Grazing,Pasture,15/09/2016 00:00:00,20.06,23.94,12.41,,43.09,20.99,22.28,3.43,12.08,8.8,,,,,,
Blue 15/09/2016 Longlands North Pasture,NW018,Longlands North,Blue,Grazing,Pasture,15/09/2016 00:00:00,20.26,23.99,12.79,,38.11,21.01,22.36,3.24,12.06,9.11,,,,,,
Red 15/09/2016 Longlands East Pasture,NW019,Longlands East,Red,Grazing,Pasture,15/09/2016 00:00:00,20.45,25.39,13.14,,40.81,20.95,21.99,3.02,12.13,8.65,,,,,,
Blue 15/09/2016 Dairy East Pasture,NW014,Dairy East,Blue,Grazing,Pasture,15/09/2016 00:00:00,22.1,20.77,15.02,,42.99,22.3,23.36,4.15,11.88,8.36,,,,,,
Red 15/09/2016 Lower Wheaty Pasture,NW015,Lower Wheaty,Red,Grazing,Pasture,15/09/2016 00:00:00,23.78,20.89,15.92,,41.95,22.43,24.04,4.67,11.75,8.29,,,,,,
Green 27/09/2016 Dairy North  Pasture,NW016,Dairy North,Green,Grazing,Pasture,27/09/2016 00:00:00,20.84,22.42,11.91,,44.88,21.89,23.34,4.72,11.88,8.52,,,,,,
Blue 27/09/2016 Dairy East Pasture,NW014,Dairy East,Blue,Grazing,Pasture,27/09/2016 00:00:00,24.93,20.49,12.84,,48.16,24.65,26,3.93,11.39,8.62,,,,,,
Red 28/09/2016 Lower Wheaty Pasture,NW015,Lower Wheaty,Red,Grazing,Pasture,28/09/2016 00:00:00,26.97,17.08,14.62,,50.12,24.86,26.12,3.6,11.37,7.95,,,,,,
Blue 28/09/2016 Dairy Corner Pasture,NW039,Dairy Corner,Blue,Grazing,Pasture,28/09/2016 00:00:00,23.63,19.76,13.72,,41.8,22.97,24.38,3.86,11.69,8.86,,,,,,
Green 28/09/2016 Longlands South Pasture,NW017,Longlands South,Green,Grazing,Pasture,28/09/2016 00:00:00,21.52,24.14,13.68,,40.76,21.09,22.45,3.4,12.05,8.65,,,,,,
Blue 28/09/2016 Longlands North Pasture,NW018,Longlands North,Blue,Grazing,Pasture,28/09/2016 00:00:00,20.85,23.19,13.53,,42.26,21.05,22.3,2.93,12.07,9.14,,,,,,
Red 28/09/2016 Little Pecketsford Pasture,NW038,Little Pecketsford,Red,Grazing,Pasture,28/09/2016 00:00:00,25.58,13.04,22.92,,42.97,22.23,23.28,3.15,11.89,7.69,,,,,,
Green 28/09/2016 Golden Rove Pasture,NW009,Golden Rove,Green,Grazing,Pasture,28/09/2016 00:00:00,26.03,18.18,14.96,,43.72,22.64,25.11,3.49,11.55,7.61,,,,,,
Red 28/09/2016 Great Field Pasture,NW002,Great Field,Red,Grazing,Pasture,28/09/2016 00:00:00,23.33,17.24,19.71,,40.87,21.92,23.17,3.4,11.91,8.88,,,,,,
Green 26/04/2017 Longlands South Pasture,NW017,Longlands South,Green,Grazing,Pasture,26/04/2017 00:00:00,23.55,18.04,19.79,,33.91,18.32,19.6,0.92,12.57,7.6,,,,,,
Blue 26/04/2017 Longlands North Pasture,NW018,Longlands North,Blue,Grazing,Pasture,26/04/2017 00:00:00,27.98,16.79,23.42,,31.27,16.25,18.5,1.63,12.78,6.92,,,,,,
Red 26/04/2017 Longlands East Pasture,NW019,Longlands East,Red,Grazing,Pasture,26/04/2017 00:00:00,25.58,16.3,22.85,,31.65,15.5,17.87,0.64,12.89,7,,,,,,
Green 26/04/2017 Dairy North Pasture,NW016,Dairy North,Green,Grazing,Pasture,26/04/2017 00:00:00,28.59,16.08,24.55,,29.39,13.85,16.22,1.06,13.2,6.46,,,,,,
Blue 26/04/2017 Dairy East Pasture,NW014,Dairy East,Blue,Grazing,Pasture,26/04/2017 00:00:00,26.12,14.09,27.14,,30.77,14.63,17.16,0.71,13.03,6.63,,,,,,
Red 26/04/2017 Lower Wheaty Pasture,NW015,Lower Wheaty,Red,Grazing,Pasture,26/04/2017 00:00:00,25.31,13.44,27.66,,31.31,16.35,18.37,0.9,12.8,6.78,,,,,,
Blue 26/04/2017 Lower Wyke Moor Pasture,NW012,Lower Wyke Moor,Blue,Grazing,Pasture,26/04/2017 00:00:00,30.23,11.56,34.63,,26.69,13.76,15.85,0.41,13.27,5.42,,,,,,
Green 12/05/2017 Longlands South Pasture,NW017,Longlands South,Green,Grazing,Pasture,12/05/2017 00:00:00,20.14,20.23,10.54,,41.97,20.11,24.49,2.3,11.67,8.22,,,,,,
Blue 12/05/2017 Longlands North Pasture,NW018,Longlands North,Blue,Grazing,Pasture,12/05/2017 00:00:00,22.98,13.93,17.02,,39.57,22.44,23.81,1.92,11.8,7.85,,,,,,
Red 12/05/2017 Longlands East Pasture,NW019,Longlands East,Red,Grazing,Pasture,12/05/2017 00:00:00,21.26,17.62,12.75,,42.52,20.68,23.93,1.67,11.77,8.05,,,,,,
Green 12/05/2017 Dairy North Pasture,NW016,Dairy North,Green,Grazing,Pasture,12/05/2017 00:00:00,22.56,18.72,16.34,,37.44,17.83,19.98,1.72,12.5,7.02,,,,,,
Blue 12/05/2017 Dairy East Pasture,NW014,Dairy East,Blue,Grazing,Pasture,12/05/2017 00:00:00,22.44,10.72,26.42,,37.32,17.97,21.43,0.91,12.23,6.24,,,,,,
Red 12/05/2017 Lower Wheaty Pasture,NW015,Lower Wheaty,Red,Grazing,Pasture,12/05/2017 00:00:00,16.89,15.81,19.26,,38.35,17.93,21.56,1.53,12.21,7.28,,,,,,
Green 09/06/2017 Longlands South Pasture,NW017,Longlands South,Green,Grazing,Pasture,09/06/2017 00:00:00,21.29,27.79,12.15,,33.18,16.19,20.01,2.58,12.5,8.99,,,,,,
Blue 09/06/2017 Longlands North Pasture,NW018,Longlands North,Blue,Grazing,Pasture,09/06/2017 00:00:00,22.82,15.11,15.51,,41.1,28.9,34.41,1.91,9.83,8.48,,,,,,
Red 09/06/2017 Longlands East Pasture,NW019,Longlands East,Red,Grazing,Pasture,09/06/2017 00:00:00,19,23.97,13.63,,32.74,18.19,21.06,1.92,12.3,9.05,,,,,,
Green 09/06/2017 Dairy North Pasture,NW016,Dairy North,Green,Grazing,Pasture,09/06/2017 00:00:00,23.42,22.51,12.23,,39.68,21.74,22.06,2.3,12.12,7.56,,,,,,
Blue 09/06/2017 Dairy East Pasture,NW014,Dairy East,Blue,Grazing,Pasture,09/06/2017 00:00:00,24.76,15.09,16.65,,41.83,21.57,24.58,2.42,11.65,7.87,,,,,,
Red 09/06/2017 Lower Wheaty Pasture,NW015,Lower Wheaty,Red,Grazing,Pasture,09/06/2017 00:00:00,20.33,20.63,15.94,,34.32,18.92,22.71,1.53,12,7.5,,,,,,
Green 22/06/2017 Dairy North Pasture,NW016,Dairy North,Green,Grazing,Pasture,22/06/2017 00:00:00,26.47,19.98,15.24,,41.86,21.7,23.53,2.35,11.85,7.69,,,,,,
Blue 22/06/2017 Dairy Corner Pasture,NW039,Dairy Corner,Blue,Grazing,Pasture,22/06/2017 00:00:00,24.21,13.83,13.35,,43.96,22.04,26.51,3.23,11.3,9.08,,,,,,
Red 22/06/2017 Lower Wheaty Pasture,NW015,Lower Wheaty,Red,Grazing,Pasture,22/06/2017 00:00:00,22.08,18.35,17.12,,38.73,19.65,22.16,2.02,12.1,7.53,,,,,,
Blue 26/06/2017 Longlands North Pasture,NW018,Longlands North,Blue,Grazing,Pasture,26/06/2017 00:00:00,29.13,13.49,14.84,,43.14,22.67,26.67,3.08,11.27,8.25,,,,,,
Red 26/06/2017 Longlands East Pasture,NW019,Longlands East,Red,Grazing,Pasture,26/06/2017 00:00:00,22.39,18.86,15.82,,37.64,19.04,23.15,2.03,11.92,7.99,,,,,,
Green 26/06/2017 Bottom Burrows Pasture,NW005,Bottom Burrows,Green,Grazing,Pasture,26/06/2017 00:00:00,28.47,16.11,13.21,,48,24.69,27.97,3.66,11.03,6.95,,,,,,
Green 18/07/2017 Dairy North Pasture,NW016,Dairy North,Green,Grazing,Pasture,18/07/2017 00:00:00,26.97,22.72,11.25,,40.23,20.21,23.09,2.89,11.93,7.08,,,,,,
Blue 18/07/2017 Dairy East Pasture,NW014,Dairy East,Blue,Grazing,Pasture,18/07/2017 00:00:00,27.27,14.44,18.21,,40.86,21.01,24.63,2.81,11.64,7.93,,,,,,
Red 18/07/2017 Lower Wheaty Pasture,NW015,Lower Wheaty,Red,Grazing,Pasture,18/07/2017 00:00:00,25.14,19.45,14.63,,39.57,20.74,24.12,3.09,11.74,7.62,,,,,,
Blue 18/07/2017 Middle Wyke Moor Pasture,NW011,Middle Wyke Moor,Blue,Grazing,Pasture,18/07/2017 00:00:00,23.28,17.49,18.42,,34.02,18.29,21.67,1.73,12.19,8.52,,,,,,
Red 18/07/2017 Ware Park Pasture,NW004,Ware Park,Red,Grazing,Pasture,18/07/2017 00:00:00,22.16,19.69,16.66,,31.87,16.95,20.47,1.43,12.41,8.11,,,,,,
Green 18/07/2017 Orchard Dean North Pasture,NW045,Orchard Dean North,Green,Grazing,Pasture,18/07/2017 00:00:00,23.24,19.74,15.01,,33.52,18.45,20.85,1.61,12.34,7.37,,,,,,
Blue 03/08/2017 Longlands North Pasture,NW018,Longlands North,Blue,Grazing,Pasture,03/08/2017 00:00:00,20.93,20.76,15.42,,35.53,18.04,21.43,2.29,12.24,8.43,,,,,,
Green 03/08/2017 Dairy North Pasture,NW016,Dairy North,Green,Grazing,Pasture,03/08/2017 00:00:00,18.7,27.3,12.42,,32.25,16.87,20.96,2.66,12.32,8.03,,,,,,
Red 03/08/2017 Lower Wheaty Pasture,NW015,Lower Wheaty,Red,Grazing,Pasture,03/08/2017 00:00:00,19.76,24,14.8,,32.7,17.68,20.94,2.61,12.33,8.65,,,,,,
Blue 03/08/2017 Lower Wyke Moor Pasture,NW012,Lower Wyke Moor,Blue,Grazing,Pasture,03/08/2017 00:00:00,21.78,15.76,17.15,,35.08,19.17,22.64,2.09,12.01,7.14,,,,,,
Green 03/08/2017 Golden Rove Pasture,NW009,Golden Rove,Green,Grazing,Pasture,03/08/2017 00:00:00,20.87,24.21,13.04,,37.59,18.28,21.11,2.06,12.29,7.25,,,,,,
Red 03/08/2017 Pecketsford Pasture,NW001,Pecketsford,Red,Grazing,Pasture,03/08/2017 00:00:00,21.47,19.51,19.42,,32.99,17.27,21.73,1.76,12.18,7.19,,,,,,
Blue 21/08/2017 Dairy Corner Pasture,NW039,Dairy Corner,Blue,Grazing,Pasture,21/08/2017 00:00:00,16.03,20.35,10.82,,43.57,20.89,25.47,2.91,11.49,9.38,,,,,,
Green 21/08/2017 Dairy North Pasture,NW016,Dairy North,Green,Grazing,Pasture,21/08/2017 00:00:00,13.13,27.19,6.88,,37.91,19.73,22.84,3.56,11.98,9.57,,,,,,
Red 21/08/2017 Lower Wheaty Pasture,NW015,Lower Wheaty,Red,Grazing,Pasture,21/08/2017 00:00:00,16.69,26.36,10.03,,38.41,19.59,23.49,2.3,11.85,9.1,,,,,,
Blue 21/08/2017 Lower Wyke Moor Pasture,NW012,Lower Wyke Moor,Blue,Grazing,Pasture,21/08/2017 00:00:00,16.78,20.18,12.03,,36.45,18.43,23.18,2.74,11.91,8.46,,,,,,
Green 21/08/2017 Golden Rove Pasture,NW009,Golden Rove,Green,Grazing,Pasture,21/08/2017 00:00:00,16.11,23.5,10.48,,36.94,18.99,22.41,2.27,12.05,7.87,,,,,,
Red 21/08/2017 Pecketsford Pasture,NW001,Pecketsford,Red,Grazing,Pasture,21/08/2017 00:00:00,16.72,19.55,15.53,,34.8,17.65,21.77,2.18,12.17,7.3,,,,,,
Blue 13/09/2017 Dairy Corner Pasture,NW039,Dairy Corner,Blue,Grazing,Pasture,13/09/2017 00:00:00,14.53,20.63,15.31,,44.88,22.26,23.46,4.47,11.86,9.75,,,,,,
Green 13/09/2017 Dairy North Pasture,NW016,Dairy North,Green,Grazing,Pasture,13/09/2017 00:00:00,13.44,26.18,11.85,,38.74,21.2,22.78,1.96,11.99,9.55,,,,,,
Red 13/09/2017 Lower Wheaty Pasture,NW015,Lower Wheaty,Red,Grazing,Pasture,13/09/2017 00:00:00,13.79,23.93,13.29,,44.04,23.68,24.7,4.6,11.63,10.05,,,,,,
Red 15/09/2017 Little Pecketsford Pasture,NW038,Little Pecketsford,Red,Grazing,Pasture,15/09/2017 00:00:00,18.1,17.3,20.49,,39.16,21.72,22.72,3.15,12,8.24,,,,,,
Green 15/09/2017 Golden Rove Pasture,NW009,Golden Rove,Green,Grazing,Pasture,15/09/2017 00:00:00,17.36,22.82,16.03,,41.05,20.16,21.25,3.29,12.27,8.22,,,,,,
Blue 15/09/2017 Middle Wyke Moor Pasture,NW011,Middle Wyke Moor,Blue,Grazing,Pasture,15/09/2017 00:00:00,16.4,15.36,19.15,,43.02,24.43,25.85,3.96,11.42,8.92,,,,,,
Green 29/09/2017 Dairy North Pasture,NW016,Dairy North,Green,Grazing,Pasture,29/09/2017 00:00:00,15.91,23.72,15.35,,41.76,24.02,25.67,3.69,11.45,10.5,,,,,,
Blue 29/09/2017 Dairy East Pasture,NW014,Dairy East,Blue,Grazing,Pasture,29/09/2017 00:00:00,19.26,18.41,17.92,,44.41,23.29,24.31,3.83,11.7,8.91,,,,,,
Red 29/09/2017 Pecketsford Pasture,NW001,Pecketsford,Red,Grazing,Pasture,29/09/2017 00:00:00,18.05,17.42,18.7,,44.96,23.09,24.21,4.3,11.72,8.57,,,,,,
Green 29/09/2017 Bottom Burrows Pasture,NW005,Bottom Burrows,Green,Grazing,Pasture,29/09/2017 00:00:00,16.46,18.75,18.09,,40.65,23.32,24.94,2.93,11.59,7.94,,,,,,
Blue 29/09/2017 Dairy South Pasture,NW013,Dairy South,Blue,Grazing,Pasture,29/09/2017 00:00:00,18.1,23.37,13.81,,35.24,21.45,22.59,4.42,12.02,10.16,,,,,,
Red 29/09/2017 Great Field Pasture,NW002,Great Field,Red,Grazing,Pasture,29/09/2017 00:00:00,17.59,20.84,15,,42.52,22.78,23.88,3.49,11.78,9.82,,,,,,
Red 24/10/2017 Great Field Pasture,NW002,Great Field,Red,Grazing,Pasture,24/10/2017 00:00:00,19.62,19.2,18.32,,46.96,24.26,25.28,13.53,11.52,11.67,,,,,,
Green 24/10/2017 Golden Rove Pasture,NW009,Golden Rove,Green,Grazing,Pasture,24/10/2017 00:00:00,13.79,21.31,17,,46.43,25.55,27.29,7.51,11.15,13.38,,,,,,
Blue 24/10/2017 Lower Wyke Moor Pasture,NW012,Lower Wyke Moor,Blue,Grazing,Pasture,24/10/2017 00:00:00,18.53,20.05,19.26,,41.96,21.25,22.5,4.54,12.04,9.36,,,,,,
Red 17/11/2017 Pecketsford Pasture,NW001,Pecketsford,Red,Grazing,Pasture,17/11/2017 00:00:00,18.52,18.75,19.35,,42.84,21.13,22.06,4.42,12.12,8.98,,,,,,
Blue 17/11/2017 Dairy South Pasture,NW013,Dairy South,Blue,Grazing,Pasture,17/11/2017 00:00:00,13.61,20.53,12.86,,51.01,30.06,31.55,9.39,10.36,16.65,,,,,,
Green 17/11/2017 Orchard Dean North Pasture,NW045,Orchard Dean North,Green,Grazing,Pasture,17/11/2017 00:00:00,13.49,16.6,18.27,,45.95,25.54,26.84,5.45,11.24,11.66,,,,,,
Red 17/11/2017 Lower Wheaty Pasture,NW015,Lower Wheaty,Red,Grazing,Pasture,17/11/2017 00:00:00,14.29,22.69,16.25,,38.02,20.67,21.79,3.96,12.17,8.82,,,,,,
Green 17/11/2017 Dairy North Pasture,NW016,Dairy North,Green,Grazing,Pasture,17/11/2017 00:00:00,8.73,27.39,12.99,,37.2,19.76,21.03,2.43,12.31,9.38,,,,,,
Blue 17/11/2017 Dairy East Pasture,NW014,Dairy East,Blue,Grazing,Pasture,17/11/2017 00:00:00,10.99,19.94,17.29,,41.25,22.29,23.6,3.94,11.83,9.01,,,,,,
